Text,Token,Start Index,End Index,Entity Label,Knowledge Base ID
William Schantz,William Schantz,0,15,PERSON,
2022 North American International Auto Show,2022,0,4,DATE,
2022 North American International Auto Show,North American International Auto Show,5,43,ORG,
Tiburon CEO Summit,Tiburon CEO Summit,0,18,ORG,
EY Stratgic Growth Forum,EY Stratgic Growth Forum,0,24,ORG,
Seminar “Windows PKI”,Seminar “Windows PKI,0,20,PERSON,
Nintento Switch + Tech Program,Nintento Switch + Tech Program,0,30,ORG,
Everest Base Camp trekking,Everest Base Camp,0,17,FAC,
Blockchain DLT Summit Latam,Blockchain DLT Summit Latam,0,27,ORG,
Startup Weekend Zavkhan,Zavkhan,16,23,PERSON,
"Triangle TechBreakfast featuring TRAXyL, Outdoor Access, Inc., Compressor Controller,V-Sense Medical","Outdoor Access, Inc.",41,61,ORG,
"Triangle TechBreakfast featuring TRAXyL, Outdoor Access, Inc., Compressor Controller,V-Sense Medical",Compressor Controller,63,84,PERSON,
Best MarTech Stack for High-Growth Companies,MarTech Stack,5,18,ORG,
jasa epoxy lantai bogor,jasa,0,4,ORG,
jasa epoxy lantai bogor,epoxy lantai,5,17,PERSON,
Valley of Flowers Trek 2020,2020,23,27,DATE,
SafeBreath Mask N95,Mask N95,11,19,PERSON,
Digital Labin,Digital Labin,0,13,PERSON,
mDevCamp 2020,2020,9,13,DATE,
Hemp Oil Tincture { Shark Tank }-Buy,Hemp Oil Tincture,0,17,ORG,
Hemp Oil Tincture { Shark Tank }-Buy,Shark Tank,20,30,PERSON,
FiX 2022 THE ULTIMATE FINTECH EXPERIENCE,FiX,0,3,PERSON,
Infobip Shift 2022,Infobip,0,7,NORP,
Infobip Shift 2022,2022,14,18,DATE,
Channel Connect 2020,Channel Connect,0,15,ORG,
Finance Magnates London Summit (FMLS 2022),FMLS 2022,32,41,ORG,
"10,000 Women in Tech APAC Virtual Conference","10,000",0,6,CARDINAL,
"10,000 Women in Tech APAC Virtual Conference",Tech APAC Virtual Conference,16,44,ORG,
Success Stories: Raising a $40m Round at the Other Side of the Ocean,40,28,30,MONEY,
Success Stories: Raising a $40m Round at the Other Side of the Ocean,Round at the Other Side of the Ocean,32,68,WORK_OF_ART,
WomenTech Global Conference 2022,2022,28,32,DATE,
WebSummit Lisbon 2021,WebSummit Lisbon,0,16,ORG,
NVIDIA GTC 2022,2022,11,15,DATE,
TRANSACT 2022,2022,9,13,DATE,
Lojistik ve Tedarik Zincirinin Değişen DNA'sına Ne Kadar Hazırız?,Tedarik Zincirinin Değişen,12,38,PERSON,
AEO 30th Anniversary National Symposium and Gala,30th,4,8,ORDINAL,
Hire Vashikaran expert Astrologer,Hire Vashikaran,0,15,PERSON,
Hire Vashikaran expert Astrologer,Astrologer,23,33,PERSON,
The Future of Protein Production Summit,The Future of Protein Production Summit,0,39,ORG,
"YourCook Comedy Showcase: Nutrition, Sport &amp; Laughter",YourCook,0,8,ORG,
"YourCook Comedy Showcase: Nutrition, Sport &amp; Laughter",Sport &,37,44,ORG,
CES Las Vegas 2022,Las Vegas,4,13,GPE,
CES Las Vegas 2022,2022,14,18,DATE,
Digital Bridge-2022,Digital Bridge-2022,0,19,ORG,
NFT Expoverse Los Angeles,NFT,0,3,ORG,
NFT Expoverse Los Angeles,Los Angeles,14,25,GPE,
"Moleculera Labs/General Genomics Meet and Greet, talk about Proprietary AI to Provide Personalized Medicine for Autoimmune Neuropsychiatric Disorders",Moleculera Labs,0,15,PERSON,
"Moleculera Labs/General Genomics Meet and Greet, talk about Proprietary AI to Provide Personalized Medicine for Autoimmune Neuropsychiatric Disorders",Proprietary AI,60,74,ORG,
"Moleculera Labs/General Genomics Meet and Greet, talk about Proprietary AI to Provide Personalized Medicine for Autoimmune Neuropsychiatric Disorders",Provide Personalized Medicine,78,107,ORG,
FOSSASIA Summit 2022,FOSSASIA Summit,0,15,ORG,
FOSSASIA Summit 2022,2022,16,20,DATE,
"Year-end Startup Party: drink, celebrate, and redefine success!",Year-end,0,8,DATE,
"Year-end Startup Party: drink, celebrate, and redefine success!",Startup Party,9,22,ORG,
Consensus 2022,2022,10,14,DATE,
Intelligent Health UK 2022,2022,22,26,DATE,
Digiday Publishing Summit Europe,Digiday Publishing Summit Europe,0,32,ORG,
KubeCon + CloudNativeCon North America 2021,North America,25,38,LOC,
Money 2.0 Conference USA,2.0,6,9,CARDINAL,
Data Summit 2022 - THE PREMIER DATA MANAGEMENT AND ANALYTICS CONFERENCE,Data Summit,0,11,ORG,
Data Summit 2022 - THE PREMIER DATA MANAGEMENT AND ANALYTICS CONFERENCE,2022,12,16,DATE,
Wise Guys SaaS Milan,Milan,15,20,GPE,
TIDE SPARK 2022,SPARK,5,10,ORG,
Money 20/20 USA 2021,20/20,6,11,CARDINAL,
Science and Technology Convergence Conference 2022,2022,46,50,DATE,
Everest Base Camp trekking,Everest Base Camp,0,17,FAC,
Everest Base Camp trekking,Everest Base Camp,0,17,FAC,
South Summit Madrid,South Summit Madrid,0,19,ORG,
Vashikaran Specialist Astrologer,Vashikaran Specialist Astrologer,0,32,ORG,
RSA Conference 2022,2022,15,19,DATE,
Marketing2Conf,Marketing2Conf,0,14,GPE,
Fuse Vol. 2 Growth Industry Conference,Fuse Vol,0,8,PERSON,
Fuse Vol. 2 Growth Industry Conference,2,10,11,CARDINAL,
APAC Oral Care International Exchange Summit 2022,APAC Oral Care International Exchange Summit,0,44,ORG,
APAC Oral Care International Exchange Summit 2022,2022,45,49,DATE,
Revolution.Aero 2022,2022,16,20,DATE,
TNW Conference 2022,2022,15,19,DATE,
WCEF 2022 | World Crypto Economic Forum,WCEF,0,4,ORG,
WCEF 2022 | World Crypto Economic Forum,2022,5,9,DATE,
WCEF 2022 | World Crypto Economic Forum,World Crypto Economic Forum,12,39,ORG,
Advanced Materials Solutions,Advanced Materials Solutions,0,28,WORK_OF_ART,
Sobha Town Park an Overview to the project,Town Park an Overview,6,27,FAC,
Cambridge Business Competition,Cambridge Business Competition,0,30,ORG,
Traction Conference 2022,2022,20,24,DATE,
Realty 2.0 Conference | Realty2Conf,Realty2Conf,24,35,ORG,
InNow 2021,2021,6,10,DATE,
Take Off Istanbul 2018,2018,18,22,DATE,
DroneDeploy Conference 2022,2022,23,27,DATE,
BioIT World 2022,BioIT World,0,11,ORG,
BioIT World 2022,2022,12,16,DATE,
Idaho Integrated Behavioral Health Network Annual Conference,Idaho Integrated Behavioral Health Network Annual Conference,0,60,ORG,
2022 West Marine US Open Sailing Series,2022,0,4,DATE,
2022 West Marine US Open Sailing Series,West Marine,5,16,NORP,
2022 West Marine US Open Sailing Series,US,17,19,GPE,
CAI Annual Conference and Exposition,CAI Annual Conference,0,21,ORG,
Pure Xanthin,Pure Xanthin,0,12,PERSON,
Product-led Summit Amsterdam,Summit Amsterdam,12,28,FAC,
Voice Tech Summit Americas - Las Vegas,Voice Tech Summit,0,17,ORG,
Voice Tech Summit Americas - Las Vegas,Las Vegas,29,38,GPE,
Pet owner community meetup in Qatar,Qatar,30,35,GPE,
Venture Summit - Digital Connect,Venture Summit - Digital Connect,0,32,ORG,
"Zeppelin University's AI Cluster: ""Digitale Führung und Wissensmanagement“",Zeppelin University's,0,21,ORG,
"Zeppelin University's AI Cluster: ""Digitale Führung und Wissensmanagement“",Digitale Führung,35,51,PERSON,
December Love,December,0,8,DATE,
GITEX Global &amp; AI Everything,GITEX Global &,0,14,ORG,
GITEX Global &amp; AI Everything,AI Everything,19,32,ORG,
Fair Friends Germany's sustainability fair,Friends Germany's,5,22,ORG,
Festival of UX &amp; Design 2022,UX &,12,16,ORG,
Festival of UX &amp; Design 2022,Design 2022,21,32,ORG,
Data Automation Summit 2022,Data Automation Summit,0,22,ORG,
Data Automation Summit 2022,2022,23,27,DATE,
Capital Summit 2022,Capital Summit,0,14,ORG,
Capital Summit 2022,2022,15,19,DATE,
Brand Growth Summit 2022,Brand Growth Summit,0,19,ORG,
Brand Growth Summit 2022,2022,20,24,DATE,
App Design &amp; Development Conference 2019,App Design &,0,12,ORG,
App Design &amp; Development Conference 2019,Development Conference,17,39,ORG,
"HR of Tomorrow Conference, Paris",Paris,27,32,GPE,
NACD Climate Continuous Learning Cohort,NACD Climate Continuous Learning Cohort,0,39,ORG,
Stage Two 2021,Two 2021,6,14,DATE,
Album Release On Spotify,Album Release,0,13,PERSON,
Solar &amp; Storage Live 2021,Solar &,0,7,ORG,
Hacktiv Summit,Hacktiv Summit,0,14,ORG,
Innovation Showcase - Meet the Class of 2022,2022,40,44,DATE,
SCALE Demo Day,SCALE Demo Day,0,14,PERSON,
MWC Barcelona 2022,MWC,0,3,ORG,
MWC Barcelona 2022,2022,14,18,DATE,
Techversify 2022 presented by IWIL India in partnership with Tech Supergirl.,2022,12,16,DATE,
Techversify 2022 presented by IWIL India in partnership with Tech Supergirl.,IWIL India,30,40,ORG,
Techversify 2022 presented by IWIL India in partnership with Tech Supergirl.,Tech Supergirl,61,75,ORG,
Rise of AI Conference 2022,2022,22,26,DATE,
Badhouse Pitch+Learn - Episode 13: Fintech,13,31,33,CARDINAL,
Lights On season 1 By Multi Neon,season 1,10,18,DATE,
7th ANNUAL AUTOTECH COUCIL SCIENCE FAIR,7th,0,3,ORDINAL,
7th ANNUAL AUTOTECH COUCIL SCIENCE FAIR,ANNUAL,4,10,GPE,
Wholeleaf CBD Square Gummies,Wholeleaf CBD Square Gummies,0,28,WORK_OF_ART,
Invest FinTech,Invest FinTech,0,14,ORG,
TypeVille,TypeVille,0,9,ORG,
April 2022 AI in Government State CDO Panel,April 2022,0,10,DATE,
April 2022 AI in Government State CDO Panel,Government State CDO Panel,17,43,GPE,
2022 Master Data Marathon 4.0,2022,0,4,DATE,
2022 Master Data Marathon 4.0,4.0,26,29,CARDINAL,
Data Innovation Summit,Data Innovation Summit,0,22,ORG,
Hexnode Partner Summit 2022,2022,23,27,DATE,
Next Gen Summit,Next Gen Summit,0,15,ORG,
Batumi Business Forum 2022,Batumi Business Forum,0,21,ORG,
Batumi Business Forum 2022,2022,22,26,DATE,
DMEXCO 2022,DMEXCO,0,6,ORG,
DMEXCO 2022,2022,7,11,DATE,
IBM z16 Day SE,IBM,0,3,ORG,
Amber Park Showflat,Amber Park Showflat,0,19,ORG,
Startup Évora Summer 2022,Startup Évora,0,13,PERSON,
Startup Évora Summer 2022,2022,21,25,DATE,
"propTech Investor event and mixer in Draper Startup House, Singapore. August 31 2022.",Draper Startup House,37,57,ORG,
"propTech Investor event and mixer in Draper Startup House, Singapore. August 31 2022.",Singapore,59,68,GPE,
"propTech Investor event and mixer in Draper Startup House, Singapore. August 31 2022.",August 31 2022,70,84,DATE,
Les Assises De La Securite,Les Assises De La Securite,0,26,PERSON,
Greyhorse Hackathon 2022 Sri Lanka,2022,20,24,DATE,
Greyhorse Hackathon 2022 Sri Lanka,Sri Lanka,25,34,GPE,
Virtual Developer Marketing Summit 2022,Virtual Developer Marketing Summit,0,34,ORG,
Virtual Developer Marketing Summit 2022,2022,35,39,DATE,
European Metaverse Summit &amp; Awards,European Metaverse Summit &amp,0,30,ORG,
Latoken Online Panel Special about Episode EV Charging,Latoken Online Panel,0,20,PERSON,
Latoken Online Panel Special about Episode EV Charging,Episode EV Charging,35,54,FAC,
Great American Truck Show 2022,Great American Truck Show,0,25,ORG,
Great American Truck Show 2022,2022,26,30,DATE,
Bizemag Leadership Summit and Awards 2022,Bizemag Leadership Summit and Awards,0,36,ORG,
Organixx CBD Gummies,Organixx CBD Gummies,0,20,PERSON,
Green Dolphin CBD Gummies,Green Dolphin,0,13,PERSON,
MWC Barcelona 2021,MWC,0,3,ORG,
Baltic Honeybadger 2022,Baltic Honeybadger,0,18,ORG,
AI Forum Conference,AI Forum Conference,0,19,ORG,
Shaping the Future of Education,the Future of Education,8,31,ORG,
Clinica Summit 2022,Clinica Summit,0,14,ORG,
Clinica Summit 2022,2022,15,19,DATE,
How AI is Being Developed at OPM for Cybersecurity Threats,Cybersecurity Threats,37,58,ORG,
"Building the Data Science Center of Excellence at Comcast with Venkat Gunnu, Senior Director, Data Science &amp; Innovation",Venkat Gunnu,63,75,PERSON,
"Building the Data Science Center of Excellence at Comcast with Venkat Gunnu, Senior Director, Data Science &amp; Innovation",Data Science &,94,108,ORG,
Data Leaders World Congress 2021,Data Leaders World,0,18,ORG,
Enterprise Data &amp; AI - Using Auto-Label and Uncertainty Estimation for Active Learning,Enterprise Data &,0,17,ORG,
Enterprise Data &amp; AI - Using Auto-Label and Uncertainty Estimation for Active Learning,AI - Using Auto-Label,22,43,ORG,
Big Data Days 2022,Big Data Days,0,13,ORG,
Swiss Cyber Security Days,Swiss Cyber Security Days,0,25,ORG,
AnitaB.Org Open Source Day,Open Source Day,11,26,DATE,
Agriculture Investment Forum,Agriculture Investment Forum,0,28,ORG,
Intro to CPMAI Methodology for Project and Product Managers,Intro,0,5,ORG,
Intro to CPMAI Methodology for Project and Product Managers,CPMAI Methodology for Project and Product Managers,9,59,ORG,
Investment Summit 2021,2021,18,22,DATE,
Future Blockchain Summit 2021,Future Blockchain Summit,0,24,ORG,
Future Blockchain Summit 2021,2021,25,29,DATE,
2018 User Conference,2018,0,4,DATE,
Hekka launch new Swimwear collection on Uplive on 2022 Japan Swim Week,Hekka,0,5,NORP,
Hekka launch new Swimwear collection on Uplive on 2022 Japan Swim Week,2022,50,54,DATE,
Hekka launch new Swimwear collection on Uplive on 2022 Japan Swim Week,Japan Swim Week,55,70,EVENT,
Pepperdine Most Fundable Companies 2022,2022,35,39,DATE,
Badhouse Pitch+Learn - Episode 12: LegalTech &amp; PropTech,12,31,33,CARDINAL,
Badhouse Pitch+Learn - Episode 12: LegalTech &amp; PropTech,LegalTech &,35,46,ORG,
Badhouse Pitch+Learn - Episode 12: LegalTech &amp; PropTech,PropTech,51,59,ORG,
NAB Show 2022,2022,9,13,DATE,
The U.S. Fintech Symposium,The U.S. Fintech Symposium,0,26,ORG,
Wallifornia Music Tech,Wallifornia Music Tech,0,22,ORG,
The Modern Data Team as a Team Sport,The Modern Data Team,0,20,ORG,
The Future of Cybersecurity - Swissnex San Francisco,The Future of Cybersecurity - Swissnex San Francisco,0,52,ORG,
Ultimate x Zendesk: Steps to AI Success,x Zendesk,9,18,PERSON,
Ultimate x Zendesk: Steps to AI Success,AI Success,29,39,ORG,
Dallas Startup Week,Dallas,0,6,GPE,
Meet the Startups: ShelterTech accelerator sub-Saharan Africa Edition,ShelterTech,19,30,ORG,
Energy Summit,Energy Summit,0,13,ORG,
We Make Future Rimini Italy,Italy,22,27,GPE,
TradeTech FX USA 2022,TradeTech FX USA 2022,0,21,ORG,
ParticleX PropTech Global Challenge (PPGC) 2022,PropTech Global Challenge,10,35,ORG,
ParticleX PropTech Global Challenge (PPGC) 2022,PPGC,37,41,ORG,
ParticleX PropTech Global Challenge (PPGC) 2022,2022,43,47,DATE,
"Consumer, Web3 and MarTech Seed Deals w/ Sputnik ATX VC Port-Co's",ATX,49,52,ORG,
"Consumer, Web3 and MarTech Seed Deals w/ Sputnik ATX VC Port-Co's",VC Port-Co's,53,65,PERSON,
Greater Philadelphia Community Service Awards Breakfast,Greater Philadelphia Community Service Awards Breakfast,0,55,ORG,
AVCJ PRIVATE EQUITY &amp; VENTURE FORUM (34th ANNUAL EVENT),AVCJ PRIVATE EQUITY &amp,0,24,ORG,
AVCJ PRIVATE EQUITY &amp; VENTURE FORUM (34th ANNUAL EVENT),VENTURE FORUM,26,39,ORG,
AVCJ PRIVATE EQUITY &amp; VENTURE FORUM (34th ANNUAL EVENT),34th,41,45,ORDINAL,
AVCJ PRIVATE EQUITY &amp; VENTURE FORUM (34th ANNUAL EVENT),ANNUAL EVENT,46,58,EVENT,
World Blockchain Expo - Dubai,Blockchain Expo - Dubai,6,29,PERSON,
Startup Évora Winter 2022,Startup Évora,0,13,PERSON,
Startup Évora Winter 2022,2022,21,25,DATE,
Case Complexity Analysis: Using Advanced Analytics to Understand Complex Problems,Understand Complex,54,72,PERSON,
Transformers - From Basics to Implementation,Basics to Implementation,20,44,WORK_OF_ART,
mHUB 5-Year Anniversary &amp; Product Showcase,5-Year Anniversary &,5,25,DATE,
mHUB 5-Year Anniversary &amp; Product Showcase,Product Showcase,30,46,PERSON,
Nigeria International Poultry &amp; Livestock Expo - NIPOLI Expo,Nigeria International Poultry &,0,31,ORG,
Nigeria International Poultry &amp; Livestock Expo - NIPOLI Expo,Livestock Expo -,36,52,FAC,
DevOps: Business Value and Advantages,DevOps: Business Value and Advantages,0,37,ORG,
CREtech London,CREtech London,0,14,PERSON,
Intro to CPMAI Certification by Cognilytica,Intro,0,5,ORG,
Intro to CPMAI Certification by Cognilytica,CPMAI Certification by Cognilytica,9,43,ORG,
SaaStr Annual 2022,2022,14,18,DATE,
Enter Soft One Group - preparation for incorporation as LTD Company,Enter Soft One Group,0,20,ORG,
Enter Soft One Group - preparation for incorporation as LTD Company,LTD Company,56,67,ORG,
SummerSaaS 2022 | Leading European online conference for SaaS investments,2022,11,15,DATE,
SummerSaaS 2022 | Leading European online conference for SaaS investments,European,26,34,NORP,
Hekka and Uplive To Feature Jaw-dropping Looks on 2022 Miami Swim Week Runway,Hekka,0,5,NORP,
Hekka and Uplive To Feature Jaw-dropping Looks on 2022 Miami Swim Week Runway,2022,50,54,DATE,
Hekka and Uplive To Feature Jaw-dropping Looks on 2022 Miami Swim Week Runway,Miami,55,60,GPE,
Advancing AI adoption in the Federal Government,the Federal Government,25,47,ORG,
2022 Intrigue MAdTech Summit Singapore,Intrigue MAdTech Summit Singapore,5,38,ORG,
Big Data EU 2022,Big Data,0,8,ORG,
Big Data EU 2022,EU,9,11,ORG,
Aves Lair Summer 2021 Accelerator Program,Aves Lair,0,9,ORG,
Aves Lair Summer 2021 Accelerator Program,2021,17,21,DATE,
Badhouse Pitch+Learn - Episode 11: Early-stage Software Startups with a Corporate Partner,11,31,33,CARDINAL,
Badhouse Pitch+Learn - Episode 11: Early-stage Software Startups with a Corporate Partner,Software Startups,47,64,ORG,
Best Practices in AI Project Management,AI Project Management,18,39,ORG,
ICA Summit 2021,ICA Summit,0,10,ORG,
ICA Summit 2021,2021,11,15,DATE,
Dentalia Expo 2022,Dentalia Expo,0,13,FAC,
Dentalia Expo 2022,2022,14,18,DATE,
Mosbeck Playback,Mosbeck Playback,0,16,PERSON,
YEFRI ZUÑIGA The Rapper Colombian Event 2022,2022,40,44,DATE,
CCRPA Canada China Real Estate Professionals Association 16th Charity Awards Ceremony 2022,CCRPA Canada China Real Estate Professionals Association 16th Charity Awards Ceremony,0,85,ORG,
Zakat Talks - A Webinar Series on Zakat for Ummah's Economic Empowerment!,Zakat Talks - A Webinar Series,0,30,PERSON,
Zakat Talks - A Webinar Series on Zakat for Ummah's Economic Empowerment!,Zakat,34,39,PERSON,
Collision Conference 2022,2022,21,25,DATE,
Healthcare Summit,Healthcare Summit,0,17,ORG,
"Finance, Real Estate and Venture Capital",Real Estate and Venture Capital,9,40,ORG,
The SEO Perth businesses can use,SEO Perth,4,13,ORG,
AIM Summit – The Leading Alternative Investment Management Summit,AIM Summit,0,10,ORG,
Black Hat USA 2022,Black Hat,0,9,PERSON,
What is Engineering Education in Germany?,Germany,33,40,GPE,
All about vocational training in Germany,Germany,33,40,GPE,
Innovation Drivers and Data Labeling Trends for Video ML,Innovation Drivers,0,18,ORG,
Innovation Drivers and Data Labeling Trends for Video ML,Data Labeling,23,36,PERSON,
ISCB 2022,2022,5,9,DATE,
FIC 2022,FIC,0,3,ORG,
FIC 2022,2022,4,8,DATE,
UPLIVE X HEKKA MIAMI SWIM WEEK RUNWAY SHOW 2022,UPLIVE X HEKKA MIAMI SWIM WEEK RUNWAY SHOW,0,42,PERSON,
UPLIVE X HEKKA MIAMI SWIM WEEK RUNWAY SHOW 2022,2022,43,47,DATE,
Workforce Identity Governance &amp; Access Management Summit,Workforce Identity Governance &,0,31,ORG,
Workforce Identity Governance &amp; Access Management Summit,Access Management Summit,36,60,ORG,
BizThon 2.0 | Global Blockchain Hackathon,Global Blockchain Hackathon,14,41,ORG,
SuperReturn International 2021,SuperReturn International,0,25,ORG,
Flink Forward - San Francisco,San Francisco,16,29,GPE,
Go Global: How to Launch Customer Support in 109 Languages,109,45,48,CARDINAL,
Insurance Transformation Summit,Insurance Transformation Summit,0,31,ORG,
Caron Atlanta’s 2nd Annual Community Awards Breakfast,2nd,16,19,ORDINAL,
Caron Atlanta’s 2nd Annual Community Awards Breakfast,Annual Community Awards Breakfast,20,53,EVENT,
Crypto Forum Middle East,Crypto Forum,0,12,ORG,
Crypto Forum Middle East,Middle East,13,24,LOC,
THINK SUMMIT by Movable Ink 2022,THINK,0,5,ORG,
THINK SUMMIT by Movable Ink 2022,Movable Ink,16,27,ORG,
THINK SUMMIT by Movable Ink 2022,2022,28,32,DATE,
Building Topical Authority and Brand Awareness Through Entity Analytics – Kalicube Tuesdays with Emilija Gjorgjevska and Matt Artz,Building Topical Authority,0,26,ORG,
Building Topical Authority and Brand Awareness Through Entity Analytics – Kalicube Tuesdays with Emilija Gjorgjevska and Matt Artz,Tuesdays,83,91,DATE,
Building Topical Authority and Brand Awareness Through Entity Analytics – Kalicube Tuesdays with Emilija Gjorgjevska and Matt Artz,Emilija Gjorgjevska,97,116,PERSON,
Building Topical Authority and Brand Awareness Through Entity Analytics – Kalicube Tuesdays with Emilija Gjorgjevska and Matt Artz,Matt Artz,121,130,PERSON,
IAA GLOBAL VIRTUAL CONFERENCE 2021,IAA GLOBAL VIRTUAL CONFERENCE,0,29,ORG,
Model Maintenance: Hidden Costs of Data Science,Model Maintenance: Hidden Costs of Data Science,0,47,WORK_OF_ART,
Intro to CPMAI Methodology for Team Leaders,Intro,0,5,ORG,
Intro to CPMAI Methodology for Team Leaders,CPMAI Methodology for Team Leaders,9,43,ORG,
Vocational Training (Ausbildung) in Germany | Migr8,Vocational Training,0,19,PERSON,
Vocational Training (Ausbildung) in Germany | Migr8,Germany,36,43,GPE,
Fastmetrics Presenting Sponsor of San Jose Quakes Match @ PayPal Park,San Jose,34,42,GPE,
IBM zDay 2022,IBM,0,3,ORG,
IBM zDay 2022,2022,9,13,DATE,
Keanaissance Summit Edition 2,Keanaissance Summit Edition 2,0,29,ORG,
Music Matters 2022,Music Matters,0,13,ORG,
Music Matters 2022,2022,14,18,DATE,
How AI is Making Self-Service a Reality in the Public Sector,Self-Service a Reality,17,39,ORG,
Wonderland AI Summit 2021,Wonderland AI Summit,0,20,ORG,
Wonderland AI Summit 2021,2021,21,25,DATE,
Slush 2021,2021,6,10,CARDINAL,
Data Leaders World Congress 2022,Data Leaders World Congress,0,27,ORG,
"WebSummit Lisbon, Portugal",WebSummit Lisbon,0,16,ORG,
"WebSummit Lisbon, Portugal",Portugal,18,26,GPE,
Dallas Wholesale Omni-Channel Total Home &amp; Gift 2022,Dallas Wholesale Omni-Channel Total Home &,0,42,PERSON,
Dallas Wholesale Omni-Channel Total Home &amp; Gift 2022,Gift 2022,47,56,ORG,
The Difficulties and Limitations of Implementing AI at the CFTC and Beyond,CFTC,59,63,ORG,
"2015 Australian National Championships - Paradise Point Bowls Club, Gold Coast",Australian National Championships - Paradise Point Bowls Club,5,66,EVENT,
"2015 Australian National Championships - Paradise Point Bowls Club, Gold Coast",Gold Coast,68,78,ORG,
Noovle Cloud Challenge,Noovle Cloud Challenge,0,22,PERSON,
"Measuring Semantic SEO Results Using Google Data Studio, GA and GSC – Kalicube Tuesdays with Alex Silva and David Riccitelli",Data Studio,44,55,PERSON,
"Measuring Semantic SEO Results Using Google Data Studio, GA and GSC – Kalicube Tuesdays with Alex Silva and David Riccitelli",GSC,64,67,ORG,
"Measuring Semantic SEO Results Using Google Data Studio, GA and GSC – Kalicube Tuesdays with Alex Silva and David Riccitelli",Tuesdays,79,87,DATE,
"Measuring Semantic SEO Results Using Google Data Studio, GA and GSC – Kalicube Tuesdays with Alex Silva and David Riccitelli",Alex Silva,93,103,PERSON,
"Measuring Semantic SEO Results Using Google Data Studio, GA and GSC – Kalicube Tuesdays with Alex Silva and David Riccitelli",David Riccitelli,108,124,PERSON,
Fintech Surge 2022,Fintech Surge,0,13,PERSON,
Intro to CPMAI Methodology for Project Managers,Intro,0,5,ORG,
Intro to CPMAI Methodology for Project Managers,CPMAI Methodology for Project Managers,9,47,ORG,
ABC Summit,ABC Summit,0,10,ORG,
SLEEP 2022,2022,6,10,DATE,
Newchip Accelerator Program,Newchip Accelerator Program,0,27,ORG,
Expo Dubai 2020,Expo Dubai,0,10,PERSON,
Expo Dubai 2020,2020,11,15,DATE,
Black Hat USA 2022,Black Hat,0,9,PERSON,
AI at the NIH: Opportunities to Improve Biomedical Research and Human Health,NIH,10,13,ORG,
AI at the NIH: Opportunities to Improve Biomedical Research and Human Health,Improve Biomedical Research and Human Health,32,76,ORG,
Simple Marketing Fundamentals to Accelerate Revenue Growth - Kalicube Tuesdays with Tim Fitzpatrick,Tuesdays,70,78,DATE,
Simple Marketing Fundamentals to Accelerate Revenue Growth - Kalicube Tuesdays with Tim Fitzpatrick,Tim Fitzpatrick,84,99,PERSON,
Humanizing Technology to Drive the Future of Retail,Humanizing Technology,0,21,ORG,
Technical &amp; Product SEO for News - Kalicube Tuesdays with Richard Nazarewicz,Technical &,0,11,ORG,
Technical &amp; Product SEO for News - Kalicube Tuesdays with Richard Nazarewicz,Product SEO for News - Kalicube Tuesdays,16,56,WORK_OF_ART,
Technical &amp; Product SEO for News - Kalicube Tuesdays with Richard Nazarewicz,Richard Nazarewicz,62,80,PERSON,
How to Make Press Release Marketing Work for You - Kalicube Tuesdays with Mickie Kennedy,Tuesdays,60,68,DATE,
How to Make Press Release Marketing Work for You - Kalicube Tuesdays with Mickie Kennedy,Mickie Kennedy,74,88,PERSON,
Allan Houston Business Education &amp; Development Program,Allan Houston Business Education &amp,0,37,ORG,
Allan Houston Business Education &amp; Development Program,Development Program,39,58,ORG,
The Key to Retention for E-commerce - Kalicube Tuesdays with George Kapernaros,Tuesdays,47,55,DATE,
The Key to Retention for E-commerce - Kalicube Tuesdays with George Kapernaros,George Kapernaros,61,78,PERSON,
Rio Innovation Week,Rio Innovation,0,14,ORG,
Where Do Branded Searches on Google Come From? - Kalicube Tuesdays with Jonas Sickler,Jonas Sickler,72,85,PERSON,
digital first,first,8,13,ORDINAL,
Approaching Emerging Technologies in a Data Rich Environment at the U.S. Department of Labor,Approaching Emerging Technologies,0,33,ORG,
Approaching Emerging Technologies in a Data Rich Environment at the U.S. Department of Labor,the U.S. Department of Labor,64,92,ORG,
PRESS LAUNCH: Blockchain Industry in the UK Landscape Overview,Blockchain Industry,14,33,PERSON,
PRESS LAUNCH: Blockchain Industry in the UK Landscape Overview,UK,41,43,GPE,
PRESS LAUNCH: Blockchain Industry in the UK Landscape Overview,Landscape Overview,44,62,FAC,
International ERG Day 2022,International ERG Day,0,21,ORG,
International ERG Day 2022,2022,22,26,DATE,
Business Fraud &amp; Risk Management Summit,Business Fraud &,0,16,ORG,
Business Fraud &amp; Risk Management Summit,Risk Management Summit,21,43,ORG,
Uszanowanko Programowanko #59: Powakacyjne PHP-owe opowieści,Uszanowanko Programowanko,0,25,ORG,
Uszanowanko Programowanko #59: Powakacyjne PHP-owe opowieści,59,27,29,MONEY,
Uszanowanko Programowanko #59: Powakacyjne PHP-owe opowieści,Powakacyjne PHP-owe,31,50,PERSON,
Seamless AFRICA 2022,2022,16,20,DATE,
Reimagine Wellbeing - Third edition,Reimagine Wellbeing -,0,21,PERSON,
Reimagine Wellbeing - Third edition,Third,22,27,ORDINAL,
34TH Annual FIRST Conference,Annual,5,11,DATE,
Creating Multilingual Product Knowledge Graphs for Large eCommerce Sites – Kalicube Tuesdays with Doreid Haddad,Tuesdays,84,92,DATE,
Creating Multilingual Product Knowledge Graphs for Large eCommerce Sites – Kalicube Tuesdays with Doreid Haddad,Doreid Haddad,98,111,PERSON,
From SERP to M&amp;A: The 8 Figure ROI Blog Post - Kalicube Tuesdays with François Nadeau,SERP,5,9,ORG,
From SERP to M&amp;A: The 8 Figure ROI Blog Post - Kalicube Tuesdays with François Nadeau,8,26,27,CARDINAL,
From SERP to M&amp;A: The 8 Figure ROI Blog Post - Kalicube Tuesdays with François Nadeau,Tuesdays,60,68,DATE,
From SERP to M&amp;A: The 8 Figure ROI Blog Post - Kalicube Tuesdays with François Nadeau,François,74,82,GPE,
Lessons Learned from Automation Success: Identifying What and When to Automate,Lessons Learned,0,15,ORG,
Lessons Learned from Automation Success: Identifying What and When to Automate,Automate,70,78,GPE,
"Multisensory Performance ""Dawn till Dusk"" by Diina Tamm &amp; Valev Laube",Dusk,36,40,TIME,
"Multisensory Performance ""Dawn till Dusk"" by Diina Tamm &amp; Valev Laube",Diina Tamm &,45,57,ORG,
"Multisensory Performance ""Dawn till Dusk"" by Diina Tamm &amp; Valev Laube",Valev Laube,62,73,ORG,
2022 Family Peacemakers Joint Conference,2022,0,4,DATE,
2022 Family Peacemakers Joint Conference,Family Peacemakers Joint Conference,5,40,ORG,
Future of Tourism World Summit Barcelona 2021,Tourism World Summit,10,30,ORG,
The Secrets of a Good Technical SEO Audit - Kalicube Tuesdays with Olga Zarzeczna,Tuesdays,53,61,DATE,
The Secrets of a Good Technical SEO Audit - Kalicube Tuesdays with Olga Zarzeczna,Olga Zarzeczna,67,81,PERSON,
Stop Giving Strategy Away and Turn It Into a Revenue Stream - Kalicube Tuesdays with Brooke Chapman,Tuesdays,71,79,DATE,
Stop Giving Strategy Away and Turn It Into a Revenue Stream - Kalicube Tuesdays with Brooke Chapman,Brooke Chapman,85,99,PERSON,
Ramonas 13th Annual Fall Spiritual Retreat Homecoming,Ramonas,0,7,GPE,
Ramonas 13th Annual Fall Spiritual Retreat Homecoming,Annual Fall Spiritual Retreat Homecoming,13,53,EVENT,
Cross-Border C-Suite Fashion 2022,2022,29,33,DATE,
South Summit Madrid 2022,South Summit Madrid,0,19,ORG,
South Summit Madrid 2022,2022,20,24,DATE,
Reuters MOMENTUM 2021,Reuters,0,7,ORG,
DC Region Caron Gratitude Breakfast,DC Region,0,9,ORG,
Kalicube Tuesdays Event Series Retrospective with Anton Shulke,Kalicube Tuesdays Event Series Retrospective,0,44,ORG,
Kalicube Tuesdays Event Series Retrospective with Anton Shulke,Anton Shulke,50,62,PERSON,
How International Image/Video Search Works - Kalicube Tuesdays with Heba Ashour (Bing),International Image/Video Search Works - Kalicube,4,53,ORG,
"UX Is Dead, Long Live CX (Customer Experience is Key) - Kalicube Tuesdays with Colin Shaw",Tuesdays,65,73,DATE,
"UX Is Dead, Long Live CX (Customer Experience is Key) - Kalicube Tuesdays with Colin Shaw",Colin Shaw,79,89,PERSON,
Architecture Reconnect Summit Chennai- 2022,2022,39,43,DATE,
HCDEN IR Day 2022,2022,13,17,DATE,
LinkedIn SEO and the LinkedIn SERP - Kalicube Tuesdays with Daniel Alfon,Daniel Alfon,60,72,PERSON,
Digital Marketing Workshop,Digital Marketing,0,17,ORG,
Yes Mastermind Intensive,Mastermind Intensive,4,24,PERSON,
APAC F&amp;B Innovation Summit 2021,APAC F&amp;B Innovation Summit,0,30,WORK_OF_ART,
APAC F&amp;B Innovation Summit 2021,2021,31,35,DATE,
EU - Japan Business Round Table,EU,0,2,ORG,
How the US Space Force is Delivering the First Fully Digital Service,the US Space Force,4,22,ORG,
Is Podcast SEO Even a Thing? - Kalicube Tuesdays with Benjamin Shapiro and Erin Sparks,Tuesdays,40,48,DATE,
Is Podcast SEO Even a Thing? - Kalicube Tuesdays with Benjamin Shapiro and Erin Sparks,Benjamin Shapiro,54,70,PERSON,
Is Podcast SEO Even a Thing? - Kalicube Tuesdays with Benjamin Shapiro and Erin Sparks,Erin Sparks,75,86,PERSON,
Grand Prix Humpact Emploi France 2021,Emploi France,19,32,PERSON,
FoundersBoost 2022 Spring Pre-Accelerator,FoundersBoost,0,13,ORG,
FoundersBoost 2022 Spring Pre-Accelerator,2022,14,18,DATE,
FoundersBoost 2022 Spring Pre-Accelerator,Pre-Accelerator,26,41,ORG,
Economist Innovation@Work Global Week 2022,Global Week 2022,26,42,DATE,
2021 UNICORN AMBITION CONFERENCE,2021,0,4,CARDINAL,
Use Your Skillset to Make Money Online in Midlife - Kalicube Tuesdays with Pamela Wilson,Tuesdays,61,69,DATE,
Use Your Skillset to Make Money Online in Midlife - Kalicube Tuesdays with Pamela Wilson,Pamela Wilson,75,88,PERSON,
DAVOS 2022,2022,6,10,DATE,
Future Moves 2022,Future Moves,0,12,ORG,
SAA Museum Society Airlines Collectibles Fair,SAA Museum Society Airlines Collectibles Fair,0,45,ORG,
Reimagine Education 2021,Reimagine Education,0,19,ORG,
How to Get Your Business on TikTok Today - Kalicube Tuesdays with Austin Armstrong,Today,35,40,DATE,
How to Get Your Business on TikTok Today - Kalicube Tuesdays with Austin Armstrong,Tuesdays,52,60,DATE,
How to Get Your Business on TikTok Today - Kalicube Tuesdays with Austin Armstrong,Austin Armstrong,66,82,PERSON,
Virtual Conference on Practical Applications of Mitochondria Research for Human Longevity and Space Medicine,Virtual Conference on Practical Applications of Mitochondria Research for Human Longevity and Space Medicine,0,108,ORG,
Sales Enablement Summit | Amsterdam,Sales Enablement Summit,0,23,ORG,
Sales Enablement Summit | Amsterdam,Amsterdam,26,35,GPE,
BAM by 500 Global,500,7,10,CARDINAL,
2nd Longevity Therapeutics 2020 Summit,Longevity Therapeutics 2020 Summit,4,38,EVENT,
The Ultimate Conversion Copy Writing Framework - Kalicube Tuesdays with Meredith Kallaher,The Ultimate Conversion Copy Writing Framework - Kalicube,0,57,ORG,
The Ultimate Conversion Copy Writing Framework - Kalicube Tuesdays with Meredith Kallaher,Tuesdays,58,66,DATE,
The Ultimate Conversion Copy Writing Framework - Kalicube Tuesdays with Meredith Kallaher,Meredith Kallaher,72,89,ORG,
National Restaurant Association Show in Chicago,National Restaurant Association Show,0,36,ORG,
National Restaurant Association Show in Chicago,Chicago,40,47,GPE,
Death Convo Game Launch,Convo Game Launch,6,23,PERSON,
Land Force,Land Force,0,10,ORG,
The transformation of Norwegian industry and production - what does it take?,Norwegian,22,31,NORP,
Think in Color 2022,Color,9,14,ORG,
Think in Color 2022,2022,15,19,DATE,
Web3 Delight Lagos,Delight Lagos,5,18,PERSON,
The 6th International VR Awards,6th,4,7,ORDINAL,
The 6th International VR Awards,International VR Awards,8,31,EVENT,
Pirate Summit 2022,Pirate Summit,0,13,ORG,
Pirate Summit 2022,2022,14,18,DATE,
Modern Data Strategy and Architecture – How Hanover is Designing for the future,Modern Data,0,11,ORG,
Africa Technology Expo,Africa Technology Expo,0,22,ORG,
IEEE Women in Engineering International Leadership Conference (WIE ILC),IEEE Women,0,10,ORG,
IEEE Women in Engineering International Leadership Conference (WIE ILC),WIE,63,66,ORG,
IFA Future Forum 2021,IFA Future Forum,0,16,ORG,
IFA Future Forum 2021,2021,17,21,DATE,
Innovation Fuel Podcast By University Canada West - Balancing Supply and Demand Through AI,University Canada West - Balancing Supply and Demand Through AI,27,90,ORG,
Launched PDF Editor,PDF Editor,9,19,PRODUCT,
splunk .conf21,.conf21,7,14,GPE,
SXSW 2022 Pitch,SXSW,0,4,ORG,
IFA Adviser Innovation Summit,IFA,0,3,ORG,
How to Write a Short Book to Boost Your Search Engine Results - Kalicube Tuesdays with Mike Capuzzi,Mike Capuzzi,87,99,PERSON,
Chief Marketing Officer Summit | San Francisco,San Francisco,33,46,GPE,
The Value of SEO - Kalicube Tuesdays with Andrew Holland,Andrew Holland,42,56,PERSON,
2021 OpenOcean Poker Night,2021,0,4,CARDINAL,
2021 OpenOcean Poker Night,OpenOcean Poker,5,20,FAC,
Product-Led Summit | San Francisco,San Francisco,21,34,GPE,
Broadband World Forum,Broadband World Forum,0,21,ORG,
Lessons Learned from Automation Success: Identifying What and When to Automate,Lessons Learned,0,15,ORG,
Lessons Learned from Automation Success: Identifying What and When to Automate,Automate,70,78,GPE,
Find the Business Story You'll Tell Daily the Rest of Your Life - Kalicube Tuesdays with Mike Ulmer,Mike Ulmer,89,99,PERSON,
HUMAN HEALTH SUMMIT 2021,2021,20,24,DATE,
AGORA Global Blockchain Congress Dubai,Global Blockchain Congress Dubai,6,38,ORG,
Money 2.0 Conference Dubai,Conference Dubai,10,26,PERSON,
DHL Innovation Centers,DHL Innovation Centers,0,22,ORG,
Building &amp; Managing a Data-Forward Organization Training &amp; Certification,Building &,0,10,ORG,
Building &amp; Managing a Data-Forward Organization Training &amp; Certification,Organization Training &,39,62,ORG,
Building &amp; Managing a Data-Forward Organization Training &amp; Certification,Certification,67,80,ORG,
"Advanced Process Management: From Automation to Intelligence Training, Certification, and Roadmap",Advanced Process Management,0,27,ORG,
"Advanced Process Management: From Automation to Intelligence Training, Certification, and Roadmap",Certification,71,84,ORG,
"Advanced Process Management: From Automation to Intelligence Training, Certification, and Roadmap",Roadmap,90,97,PERSON,
March 2022 AI in Government Advancing AI/ML in Federal Procurement Panel,March 2022,0,10,DATE,
March 2022 AI in Government Advancing AI/ML in Federal Procurement Panel,Federal Procurement Panel,47,72,ORG,
Enterprise Data &amp; AI - Prepping your CRM for AI: Why AI Initiatives Fail &amp; How to Lay the Foundation for Data Success,Enterprise Data &,0,17,ORG,
Enterprise Data &amp; AI - Prepping your CRM for AI: Why AI Initiatives Fail &amp; How to Lay the Foundation for Data Success,AI - Prepping,22,35,ORG,
ISACA Conference North America 2022,ISACA Conference North America,0,30,ORG,
NFT Lab,NFT,0,3,ORG,
Best of Build Seoul 2019,2019,20,24,DATE,
Data Intelligence in 2022 and Beyond,Data Intelligence,0,17,ORG,
Data Intelligence in 2022 and Beyond,2022,21,25,DATE,
Revenue Marketing Summit | London,London,27,33,GPE,
B2B Executive Growth Accelerator: Brought By Growth Blazers &amp; Partners,B2B Executive Growth Accelerator,0,32,ORG,
B2B Executive Growth Accelerator: Brought By Growth Blazers &amp; Partners,Growth Blazers &,45,61,ORG,
B2B Executive Growth Accelerator: Brought By Growth Blazers &amp; Partners,Partners,66,74,ORG,
The Rise of Advanced Technologies in the Pharmaceutical Industry,the Pharmaceutical Industry,37,64,ORG,
Self-Care for Families,Self-Care,0,9,ORG,
Kontent Horizons,Kontent Horizons,0,16,PERSON,
FEMTECH ADVANCING WOMEN`S WELLNESS AND LIFESPAN,LIFESPAN,39,47,ORG,
"AI in Drug Discovery, Biomarker Development and Advanced R&amp;D",Drug Discovery,6,20,GPE,
"AI in Drug Discovery, Biomarker Development and Advanced R&amp;D",Biomarker Development,22,43,ORG,
FEMTECH INDUSTRY LANDSCAPE 2021: DISCOVERING NEW HORIZONS,2021,27,31,CARDINAL,
FEMTECH INDUSTRY LANDSCAPE 2021: DISCOVERING NEW HORIZONS,DISCOVERING NEW HORIZONS,33,57,ORG,
Femina’s Leading Women Entrepreneurs,Femina’s,0,8,ORG,
India Education Summit 2022,India Education Summit,0,22,ORG,
India Education Summit 2022,2022,23,27,DATE,
ASU+GSV 2022,2022,8,12,DATE,
The New India Inc.,The New India Inc.,0,18,ORG,
Women on a Mission Summit 2022,2022,26,30,DATE,
TechChill 2022,TechChill,0,9,ORG,
Azadi Ka Amrit Mahotsav,Azadi Ka Amrit Mahotsav,0,23,PERSON,
Startup Grind Global Conference 2022,2022,32,36,DATE,
Mobile World Congress 2016,Mobile World Congress 2016,0,26,ORG,
Board Boot Camp,Board Boot Camp,0,15,ORG,
UN - Smart Cities Challenge,UN,0,2,ORG,
Online Yoga Teacher Training April 2022,April 2022,29,39,DATE,
Selling More and Better With Ethical Email Marketing - Kalicube Tuesdays with Yuval Ackerman,Better With Ethical Email Marketing - Kalicube,17,63,ORG,
Selling More and Better With Ethical Email Marketing - Kalicube Tuesdays with Yuval Ackerman,Tuesdays,64,72,DATE,
Selling More and Better With Ethical Email Marketing - Kalicube Tuesdays with Yuval Ackerman,Yuval Ackerman,78,92,PERSON,
TrustedXLA Summit,TrustedXLA Summit,0,17,ORG,
RangePlus Media Day - Warehouse Automation,Media Day - Warehouse Automation,10,42,EVENT,
CES 2019,2019,4,8,DATE,
How to Build &amp; Maintain Topical Authority - Kalicube Tuesdays with Georgios Chasiotis,Build &,7,14,ORG,
How to Build &amp; Maintain Topical Authority - Kalicube Tuesdays with Georgios Chasiotis,Maintain Topical Authority - Kalicube,19,56,ORG,
How to Build &amp; Maintain Topical Authority - Kalicube Tuesdays with Georgios Chasiotis,Tuesdays,57,65,DATE,
How to Build &amp; Maintain Topical Authority - Kalicube Tuesdays with Georgios Chasiotis,Georgios Chasiotis,71,89,ORG,
The Secrets of a Good Technical SEO Audit - Kalicube Tuesdays with Olga Zarzeczna,Tuesdays,53,61,DATE,
The Secrets of a Good Technical SEO Audit - Kalicube Tuesdays with Olga Zarzeczna,Olga Zarzeczna,67,81,PERSON,
"10th World Nursing, Healthcare Management and Patient Safety Conference",10th,0,4,ORDINAL,
"10th World Nursing, Healthcare Management and Patient Safety Conference",Healthcare Management and Patient Safety Conference,20,71,ORG,
Blue Team Con 2022,2022,14,18,DATE,
Rideshare Rodeo Podcast,Rideshare Rodeo Podcast,0,23,ORG,
Vehicle Electronics &amp; Connected Services 2022,Vehicle Electronics &,0,21,ORG,
Vehicle Electronics &amp; Connected Services 2022,Connected Services,26,44,ORG,
200 hour Teacher Training In Rishikesh,200 hour,0,8,TIME,
Summerfest Tech,Summerfest Tech,0,15,ORG,
Overture Insights: A conversation series on Climate Tech and Government,Climate Tech,44,56,PRODUCT,
TVP Talks [Ladies Only] Getting to the Right Audience with CTV Advertising,CTV Advertising,59,74,ORG,
ODSC West 2021 - Open Data Science Conference,ODSC,0,4,GPE,
ODSC West 2021 - Open Data Science Conference,2021 - Open Data Science Conference,10,45,DATE,
KBC LOTTERY WINNER 2022 - KBC LOTTERY NUMBER CHECK ONLINE 2022,2022,19,23,DATE,
KBC LOTTERY WINNER 2022 - KBC LOTTERY NUMBER CHECK ONLINE 2022,2022,58,62,DATE,
5th Annual Spirit Polar Plunge,5th,0,3,ORDINAL,
5th Annual Spirit Polar Plunge,Annual,4,10,DATE,
Innovate Australia,Australia,9,18,GPE,
SIL Barcelona - Salón Internacional de la Logística,SIL Barcelona - Salón Internacional de la Logística,0,51,ORG,
Institute of Advanced Financial Planners 2020 Symposium,Institute of Advanced Financial Planners 2020 Symposium,0,55,ORG,
NY Empire FinTech Conference 2021,NY Empire FinTech Conference,0,28,ORG,
NY Empire FinTech Conference 2021,2021,29,33,DATE,
Media Production &amp; Technology Show 2022,Media Production &,0,18,ORG,
Media Production &amp; Technology Show 2022,Technology Show,23,38,ORG,
Media Production &amp; Technology Show 2022,2022,39,43,DATE,
Cognitive Project Management for AI (CPMAI) Methodology Training and Certification,Cognitive Project Management for AI (CPMAI) Methodology Training,0,64,ORG,
SSI International Conf,SSI International Conf,0,22,ORG,
Greenloop Sustainability Online Conference,Greenloop Sustainability Online Conference,0,42,ORG,
"Privacy + Security Forum, Spring Academy",Privacy + Security Forum,0,24,ORG,
"Privacy + Security Forum, Spring Academy",Spring Academy,26,40,ORG,
Connected Britain,Britain,10,17,GPE,
Enterprise Rising Conference -- IN PERSON and live streamed OCT 2022,2022,64,68,DATE,
RSA Conference 2020,2020,15,19,DATE,
Gilead Hacks for HIV Prevention,Gilead Hacks,0,12,PERSON,
Sales Enablement Summit | San Francisco,Sales Enablement Summit,0,23,ORG,
Sales Enablement Summit | San Francisco,San Francisco,26,39,GPE,
Family Peacemakers 2021 OACP &amp; OAFM Conference,OACP &,24,30,ORG,
Family Peacemakers 2021 OACP &amp; OAFM Conference,OAFM,35,39,GPE,
Transform your payment practices with AI-Powered Vendor Invoice Management,AI-Powered Vendor Invoice Management,38,74,WORK_OF_ART,
Innovation Fuel Podcast by University Canada West - Mining and Protecting That Data Gold,University Canada West - Mining and Protecting That Data Gold,27,88,ORG,
How Can Small Businesses Use Branded Search? - Kalicube Tuesdays with Jason Davis,Jason Davis,70,81,PERSON,
Sales Enablement Summit | San Francisco,Sales Enablement Summit,0,23,ORG,
Sales Enablement Summit | San Francisco,San Francisco,26,39,GPE,
2021 Australian Technologies Competition,2021,0,4,DATE,
2021 Australian Technologies Competition,Australian Technologies Competition,5,40,ORG,
NY Alumni and Family Celebration,NY Alumni and Family Celebration,0,32,ORG,
Is Edge Computing the Future of the Cloud?,Cloud,36,41,WORK_OF_ART,
Multi-Neon event #1 | the great coming of Neon Music Network Max,Multi-Neon,0,10,ORG,
Multi-Neon event #1 | the great coming of Neon Music Network Max,1,18,19,MONEY,
Indonesia International Comic Con 2019,Indonesia,0,9,GPE,
Indonesia International Comic Con 2019,2019,34,38,DATE,
Invent Penn State - Venture and IP Conference,Penn State - Venture,7,27,PERSON,
Chief Product Officer Summit | San Francisco,San Francisco,31,44,GPE,
Family Transitions 2021 CFDS Advanced Education Day,Family Transitions,0,18,PRODUCT,
Family Transitions 2021 CFDS Advanced Education Day,2021,19,23,DATE,
Family Transitions 2021 CFDS Advanced Education Day,Advanced Education Day,29,51,ORG,
Family Transitions 2022 CFDS Advanced Education Day,Family Transitions,0,18,ORG,
Family Transitions 2022 CFDS Advanced Education Day,2022,19,23,DATE,
Family Transitions 2022 CFDS Advanced Education Day,Advanced Education Day,29,51,ORG,
Scale up your business with Azure IoT Central,Azure IoT Central,28,45,ORG,
AI &amp; Big Data Expo Japan 2022,AI &,0,4,ORG,
AI &amp; Big Data Expo Japan 2022,Big Data Expo Japan,9,28,ORG,
AI &amp; Big Data Expo Japan 2022,2022,29,33,DATE,
[FREE Masterclass] The Ultimate Secret to Supercharge Your Tech Business with the Hidden Truth Revealed from Your People in 30 Days,the Hidden Truth Revealed,78,103,ORG,
[FREE Masterclass] The Ultimate Secret to Supercharge Your Tech Business with the Hidden Truth Revealed from Your People in 30 Days,30 Days,124,131,DATE,
Kalicube Tuesdays with Kim Krause Berg and Jason Barnard: Better Web Accessibility Improves Profits,Kalicube,0,8,PERSON,
Kalicube Tuesdays with Kim Krause Berg and Jason Barnard: Better Web Accessibility Improves Profits,Tuesdays,9,17,DATE,
Kalicube Tuesdays with Kim Krause Berg and Jason Barnard: Better Web Accessibility Improves Profits,Kim Krause Berg,23,38,PERSON,
Kalicube Tuesdays with Kim Krause Berg and Jason Barnard: Better Web Accessibility Improves Profits,Jason Barnard,43,56,PERSON,
ASTRA Toy 2022 Wholesale,Toy,6,9,PERSON,
GovTech Development During COVID-19: How Technologies Have Helped,GovTech Development,0,19,ORG,
AI-Driven Drug Repositioning and Repurposing Summit 2021,AI-Driven Drug Repositioning,0,28,ORG,
AI-Driven Drug Repositioning and Repurposing Summit 2021,2021,52,56,DATE,
"AI in Pharma, Biotech and Drug Discovery Industry 2020",Pharma,6,12,GPE,
"AI in Pharma, Biotech and Drug Discovery Industry 2020",Drug Discovery Industry,26,49,ORG,
The AI-driven Evolution of Pharma/Biotech Industry to Meet Global Challenges: Tackling COVID-19,Evolution of Pharma/Biotech Industry,14,50,ORG,
Chief Product Officer Summit London | December 1st 2022,London,29,35,GPE,
Chief Product Officer Summit London | December 1st 2022,December 1st,38,50,DATE,
Chief Product Officer Summit London | December 1st 2022,2022,51,55,DATE,
AutoEnter Live,AutoEnter Live,0,14,PRODUCT,
Edventure Emerge,Edventure Emerge,0,16,ORG,
"SEO Audits, Now and Into The Future - Kalicube Tuesdays with Brian Harnish",Into The Future - Kalicube,20,46,WORK_OF_ART,
"SEO Audits, Now and Into The Future - Kalicube Tuesdays with Brian Harnish",Tuesdays,47,55,DATE,
"SEO Audits, Now and Into The Future - Kalicube Tuesdays with Brian Harnish",Brian Harnish,61,74,PERSON,
South by Southwest 2022,Southwest,9,18,LOC,
Intelligences humaines et artificielles au service de la Recherche et de l’Enseignement supérieur (Conférence au Web2Day 2022),de la Recherche et de l’Enseignement supérieur,51,97,PERSON,
Intelligences humaines et artificielles au service de la Recherche et de l’Enseignement supérieur (Conférence au Web2Day 2022),Conférence,99,109,PERSON,
Intelligences humaines et artificielles au service de la Recherche et de l’Enseignement supérieur (Conférence au Web2Day 2022),Web2Day 2022,113,125,DATE,
Colloque Opportunités seniors 2022 Besancon,2022,30,34,DATE,
Business Security &amp; Risk management Summit,Business Security &,0,19,ORG,
Customer Success Festival Sydney | November 3rd &amp; 4th 2022,Success Festival,9,25,FAC,
Customer Success Festival Sydney | November 3rd &amp; 4th 2022,Sydney,26,32,GPE,
Customer Success Festival Sydney | November 3rd &amp; 4th 2022,November 3rd &amp,35,52,DATE,
Customer Success Festival Sydney | November 3rd &amp; 4th 2022,4th,54,57,ORDINAL,
Customer Success Festival Sydney | November 3rd &amp; 4th 2022,2022,58,62,DATE,
U22,U22,0,3,ORG,
eFinance &amp; FINTECH Festival 2022,eFinance &amp,0,13,ORG,
eFinance &amp; FINTECH Festival 2022,FINTECH Festival,15,31,ORG,
MWC Africa 2022,MWC Africa,0,10,ORG,
MWC Africa 2022,2022,11,15,DATE,
BW Women Entrepreneurship Summit and Awards 2021,BW Women Entrepreneurship Summit and Awards,0,43,ORG,
India Today Women’s Day Conclave,India Today Women’s Day Conclave,0,32,ORG,
"The MAKERS Conference, India 2021Women Who Make India Award: Women Entrepreneur of the Year",India,23,28,GPE,
"The MAKERS Conference, India 2021Women Who Make India Award: Women Entrepreneur of the Year",Who Make India Award,39,59,ORG,
Mint Startup Diaries,Mint Startup Diaries,0,20,WORK_OF_ART,
VCCircle EdTech Investment Summit 2021,VCCircle EdTech Investment Summit,0,33,ORG,
VCCircle EdTech Investment Summit 2021,2021,34,38,DATE,
ET Iconic Brands,ET Iconic Brands,0,16,ORG,
Les Assises,Les Assises,0,11,PERSON,
AAM 2022 - Annual meeting,2022 - Annual,4,17,DATE,
Tayyab Mahmood Sheikh's 19th Birthday Party,Tayyab Mahmood Sheikh's,0,23,PERSON,
Tayyab Mahmood Sheikh's 19th Birthday Party,19th,24,28,ORDINAL,
Uszanowanko Programowanko #58: Letnie lambdy i bujanie w chmurach nad Doliną Krzemową,Uszanowanko Programowanko,0,25,ORG,
Uszanowanko Programowanko #58: Letnie lambdy i bujanie w chmurach nad Doliną Krzemową,58,27,29,MONEY,
Uszanowanko Programowanko #58: Letnie lambdy i bujanie w chmurach nad Doliną Krzemową,Doliną Krzemową,70,85,PERSON,
Cogni Strong,Cogni Strong,0,12,PERSON,
Umbraco U.S. Summit 2022,Umbraco,0,7,GPE,
Umbraco U.S. Summit 2022,U.S.,8,12,GPE,
Umbraco U.S. Summit 2022,2022,20,24,DATE,
DeveloperWeek 2022,2022,14,18,DATE,
[Webinar] Volcanic eruptions and aerosols – what did we learn from the Hunga-Tonga?,Webinar] Volcanic,1,18,ORG,
MozCon 2022,2022,7,11,DATE,
Connecting with Yourself at Harmony Hollow Farm,Harmony Hollow Farm,28,47,ORG,
"Love the Kid, Hate the Disease","Love the Kid, Hate the Disease",0,30,WORK_OF_ART,
Going omnichannel? Don’t forget your modular content toolkit: the 5 reasons why,5,66,67,CARDINAL,
"Managing the AI &amp; ML Lifecycle: ""ML Ops"" and Beyond Training &amp; Certification",the AI &,9,17,ORG,
"Managing the AI &amp; ML Lifecycle: ""ML Ops"" and Beyond Training &amp; Certification",Beyond Training &,49,66,ORG,
"Managing the AI &amp; ML Lifecycle: ""ML Ops"" and Beyond Training &amp; Certification",Certification,71,84,ORG,
Medicine to Market Summit Series: Clinical &amp; Commercial Innovations,Commercial Innovations,49,71,ORG,
SCALE 19x,SCALE,0,5,PERSON,
South Summit,South Summit,0,12,GPE,
NVIDIA GTC 2021,2021,11,15,DATE,
TVB Pearl HKBA HKMU Metaverse Online Teaching for InvestHK Hong Kong Metropolitan University HKMU; Link2.Media 鏈媒-元宇宙新聞媒體 BWhale.net BlueWhale 藍鯨網 元宇宙新聞媒體,TVB,0,3,ORG,
TVB Pearl HKBA HKMU Metaverse Online Teaching for InvestHK Hong Kong Metropolitan University HKMU; Link2.Media 鏈媒-元宇宙新聞媒體 BWhale.net BlueWhale 藍鯨網 元宇宙新聞媒體,Link2.Media 鏈媒-元宇宙新聞媒體,99,121,PERSON,
TVB Pearl HKBA HKMU Metaverse Online Teaching for InvestHK Hong Kong Metropolitan University HKMU; Link2.Media 鏈媒-元宇宙新聞媒體 BWhale.net BlueWhale 藍鯨網 元宇宙新聞媒體,BlueWhale,133,142,ORG,
Virtual UXistanbul 2022,2022,19,23,DATE,
The Health &amp; Safety Event,The Health &amp,0,15,ORG,
The Health &amp; Safety Event,Safety Event,17,29,ORG,
Digital Pharma Innovation Week 2021,Week 2021,26,35,DATE,
Modular Content Lab series: Session 2,2,36,37,CARDINAL,
Gartner Security &amp; Risk Management Summit 2022,Gartner Security &amp,0,21,ORG,
Gartner Security &amp; Risk Management Summit 2022,Risk Management Summit,23,45,ORG,
Gartner Security &amp; Risk Management Summit 2022,2022,46,50,DATE,
Practical &amp; Comprehensive Ethical &amp; Responsible AI Framework Development Training &amp; Certification,Practical &amp,0,14,ORG,
Practical &amp; Comprehensive Ethical &amp; Responsible AI Framework Development Training &amp; Certification,Comprehensive Ethical &,16,39,ORG,
Practical &amp; Comprehensive Ethical &amp; Responsible AI Framework Development Training &amp; Certification,Responsible AI Framework Development Training &amp,44,94,ORG,
Practical &amp; Comprehensive Ethical &amp; Responsible AI Framework Development Training &amp; Certification,Certification,96,109,ORG,
Kalicube Tuesdays with Carrie Rose and Jason Barnard: Why SEO could be More Reactive and Short Term,Tuesdays,9,17,DATE,
Kalicube Tuesdays with Carrie Rose and Jason Barnard: Why SEO could be More Reactive and Short Term,Carrie Rose,23,34,PERSON,
Kalicube Tuesdays with Carrie Rose and Jason Barnard: Why SEO could be More Reactive and Short Term,Jason Barnard,39,52,PERSON,
EU-Startups Summit 2022,EU-Startups Summit,0,18,ORG,
EU-Startups Summit 2022,2022,19,23,DATE,
Veeva Commercial Summit 2022,Veeva,0,5,GPE,
Veeva Commercial Summit 2022,2022,24,28,DATE,
Avalanche Summit Barcelona 2022,Avalanche Summit,0,16,ORG,
Avalanche Summit Barcelona 2022,2022,27,31,DATE,
Cybertech Israel 2022,Cybertech Israel,0,16,ORG,
Techpointafrica Pitch friday,Techpointafrica Pitch,0,21,PERSON,
Techpointafrica Pitch friday,friday,22,28,DATE,
"Uszanowanko Programowanko #57: AWS, Storyblok i Next.js",Uszanowanko Programowanko,0,25,ORG,
"Uszanowanko Programowanko #57: AWS, Storyblok i Next.js",57,27,29,MONEY,
"Uszanowanko Programowanko #57: AWS, Storyblok i Next.js",Storyblok,36,45,ORG,
MoneyShow Las Vegas (Traders Expo),Las Vegas,10,19,GPE,
OneHaas Podcast Feature,OneHaas Podcast Feature,0,23,ORG,
Kalicube Tuesdays Monthly Roundtable: SEO and Knowledge Graph-based Chatbot,Kalicube Tuesdays Monthly Roundtable: SEO and Knowledge Graph,0,61,ORG,
Kalicube Tuesdays Monthly Roundtable: SEO and Knowledge Graph-based Chatbot,Chatbot,68,75,PERSON,
blooloop Festival of Innovation 2022,2022,32,36,DATE,
Black Hat Europe,Black Hat Europe,0,16,PERSON,
Women in Leadership Summit 2022,2022,27,31,DATE,
GCC EHEALTH WORKFORCE DEVELOPMENT CONFERENCE 2021,2021,45,49,CARDINAL,
Kalicube Tuesdays with Elizabeth Marsten and Jason Barnard: Retail Media in Search,Tuesdays,9,17,DATE,
Kalicube Tuesdays with Elizabeth Marsten and Jason Barnard: Retail Media in Search,Elizabeth Marsten,23,40,ORG,
Kalicube Tuesdays with Elizabeth Marsten and Jason Barnard: Retail Media in Search,Jason Barnard,45,58,PERSON,
Energy 4.0 | Digital Transformation Technology Exhibition,4.0,7,10,CARDINAL,
Energy 4.0 | Digital Transformation Technology Exhibition,Digital Transformation Technology Exhibition,13,57,ORG,
IndiaZakat Ramzan Quiz 2021,IndiaZakat Ramzan Quiz 2021,0,27,ORG,
investing in egypt,egypt,13,18,GPE,
Customer Success Festival | Boston,Boston,28,34,GPE,
Sky.One Connect 2022,One,4,7,CARDINAL,
Malam Karier 2022 - Engaging Indonesia: Building relationships and career pathways,Malam Karier,0,12,PERSON,
Malam Karier 2022 - Engaging Indonesia: Building relationships and career pathways,Indonesia,29,38,GPE,
DSLaunchpad 2.0 Demo Day,DSLaunchpad,0,11,ORG,
DSLaunchpad 2.0 Demo Day,Demo Day,16,24,ORG,
Eureka! 2021,2021,8,12,DATE,
4YFN 2015,4YFN 2015,0,9,DATE,
Africa Aerospace and Defence(AAD) Expo and Air Show,Africa Aerospace,0,16,ORG,
Collegiate Marijuana Symposium - Florida,Marijuana Symposium,11,30,PERSON,
Collegiate Marijuana Symposium - Florida,Florida,33,40,GPE,
Web3 Normandy #1,1,15,16,MONEY,
Cross-Border C-Suite Winter 2022,2022,28,32,DATE,
RSA Conference 2018,RSA Conference,0,14,ORG,
RSA Conference 2018,2018,15,19,DATE,
Wealth Management Transformation Summit,Wealth Management Transformation Summit,0,39,ORG,
Kalicube Tuesdays with Emilija Gjorgjevska and Jason Barnard: SEO in the Metaverse,Emilija Gjorgjevska,23,42,PERSON,
Kalicube Tuesdays with Emilija Gjorgjevska and Jason Barnard: SEO in the Metaverse,Jason Barnard,47,60,PERSON,
EMERGE,EMERGE,0,6,ORG,
Hatha Yoga Teacher Training in Rishikesh,Hatha Yoga,0,10,PERSON,
Innovate Finance Global Summit 2022,2022,31,35,DATE,
Product Operations Summit,Product Operations Summit,0,25,ORG,
"Sourabh Verma Franklin TN - Blockchain, Bitcoin and Crypto!",Sourabh Verma Franklin TN - Blockchain,0,38,PERSON,
"Sourabh Verma Franklin TN - Blockchain, Bitcoin and Crypto!",Crypto,52,58,ORG,
CEBIT 2018,CEBIT 2018,0,10,ORG,
Hatha Yoga Teacher Training in Rishikesh,Hatha Yoga,0,10,PERSON,
Hatha Yoga Teacher Training in Rishikesh,Hatha Yoga,0,10,PERSON,
Hatha Yoga Teacher Training in Rishikesh,Hatha Yoga,0,10,PERSON,
Hatha Yoga Teacher Training in Rishikesh,Hatha Yoga,0,10,PERSON,
Hatha Yoga Teacher Training in Rishikesh,Hatha Yoga,0,10,PERSON,
Web Summit 2016,2016,11,15,DATE,
"Next Industries Startup Award at Airbus Hangar, Munich",Next Industries Startup Award,0,29,ORG,
"Next Industries Startup Award at Airbus Hangar, Munich",Airbus Hangar,33,46,ORG,
"Next Industries Startup Award at Airbus Hangar, Munich",Munich,48,54,GPE,
"Adopting AI, ML, and automation in the banking industry with Agus Sudjianto, EVP, Head of Corporate Model Risk at Wells Fargo",ML,13,15,ORG,
"Adopting AI, ML, and automation in the banking industry with Agus Sudjianto, EVP, Head of Corporate Model Risk at Wells Fargo",Sudjianto,66,75,GPE,
"Adopting AI, ML, and automation in the banking industry with Agus Sudjianto, EVP, Head of Corporate Model Risk at Wells Fargo",EVP,77,80,ORG,
"Adopting AI, ML, and automation in the banking industry with Agus Sudjianto, EVP, Head of Corporate Model Risk at Wells Fargo",Wells Fargo,114,125,ORG,
500 Hour Yoga Teacher Training in Rishikesh,500 Hour Yoga Teacher Training in Rishikesh,0,43,WORK_OF_ART,
500 Hour Yoga Teacher Training in Rishikesh,500 Hour Yoga Teacher Training in Rishikesh,0,43,WORK_OF_ART,
500 Hour Yoga Teacher Training in Rishikesh,500 Hour Yoga Teacher Training in Rishikesh,0,43,WORK_OF_ART,
500 Hour Yoga Teacher Training in Rishikesh,500 Hour Yoga Teacher Training in Rishikesh,0,43,WORK_OF_ART,
500 Hour Yoga Teacher Training in Rishikesh,500 Hour Yoga Teacher Training in Rishikesh,0,43,WORK_OF_ART,
500 Hour Yoga Teacher Training in Rishikesh,500 Hour Yoga Teacher Training in Rishikesh,0,43,WORK_OF_ART,
500 Hour Yoga Teacher Training in Rishikesh,500 Hour Yoga Teacher Training in Rishikesh,0,43,WORK_OF_ART,
500 Hour Yoga Teacher Training in Rishikesh,500 Hour Yoga Teacher Training in Rishikesh,0,43,WORK_OF_ART,
500 Hour yoga Teacher Training in Rishikesh,500 Hour,0,8,TIME,
The Future of Space Medicine,The Future of Space Medicine,0,28,ORG,
The State of FemTech 2021-2022: Industry Review and Outlook,2021-2022,21,30,DATE,
The State of FemTech 2021-2022: Industry Review and Outlook,Industry Review,32,47,ORG,
The State of FemTech 2021-2022: Industry Review and Outlook,Outlook,52,59,ORG,
Investment and M&amp;A deals: AI in Pharma Market 2021,2021,50,54,DATE,
RAISING CAPITAL IN FEMTECH: OPPORTUNITIES &amp; CHALLENGES,CHALLENGES,48,58,ORG,
CES Las Vegas 2020,Las Vegas,4,13,GPE,
CES Las Vegas 2020,2020,14,18,DATE,
AI In Finance Summit Toronto 2022,2022,29,33,DATE,
Launched XPS to PDF Tool,XPS,9,12,ORG,
Launched XPS to PDF Tool,PDF Tool,16,24,ORG,
500 Hour Yoga Teacher Training in Rishikesh,500 Hour Yoga Teacher Training in Rishikesh,0,43,WORK_OF_ART,
Sevan Startup Summit 2019,2019,21,25,DATE,
HasuraCon,HasuraCon,0,9,ORG,
Black Future Weekend,Black Future Weekend,0,20,ORG,
ONCAR.my Kota Kinabalu Launch,Kota Kinabalu Launch,9,29,PERSON,
Chief Revenue Officer Summit | San Francisco,San Francisco,31,44,GPE,
Privacy + Security Forum,Privacy + Security Forum,0,24,ORG,
Salon Solutions Ressources Humaines 2022,Salon Solutions Ressources Humaines,0,35,ORG,
Startup Garage Hohenheim,Hohenheim,15,24,PERSON,
HR TECH FESTIVAL ASIA 2022,2022,22,26,DATE,
How To Raise Happy Kids - The Danish Way - Parenting Webinar by Mother.com,Mother.com,64,74,ORG,
Embedded World 2020,2020,15,19,DATE,
Kalicube Tuesdays with Tim Soulo and Jason Barnard: Revealing the Secrets of Keyword Data,Tuesdays,9,17,DATE,
Kalicube Tuesdays with Tim Soulo and Jason Barnard: Revealing the Secrets of Keyword Data,Tim Soulo,23,32,PERSON,
Kalicube Tuesdays with Tim Soulo and Jason Barnard: Revealing the Secrets of Keyword Data,Jason Barnard,37,50,PERSON,
Happy International Yoga Day - Sourabh Verma Franklin Nashville TN,Franklin Nashville TN,45,66,PERSON,
Austrian Web3 Startup Showcase &amp; Investor Pitch Night,Austrian,0,8,NORP,
Austrian Web3 Startup Showcase &amp; Investor Pitch Night,Showcase &,22,32,ORG,
Austrian Web3 Startup Showcase &amp; Investor Pitch Night,Investor Pitch Night,37,57,PERSON,
Data Management &amp; Technology Event,Data Management &,0,17,ORG,
Uszanowanko Programowanko #56: Dwa oblicza AWS,Uszanowanko Programowanko,0,25,ORG,
Uszanowanko Programowanko #56: Dwa oblicza AWS,56,27,29,MONEY,
Industrial Kitchens Ignite 2022,2022,27,31,DATE,
Verloyn Official Launch 2022,Verloyn,0,7,NORP,
Web Summit 2020,2020,11,15,DATE,
Kalicube Tuesdays with Tom Shapiro and Jason Barnard: Rethink Lead Generation,Tuesdays,9,17,DATE,
Kalicube Tuesdays with Tom Shapiro and Jason Barnard: Rethink Lead Generation,Tom Shapiro,23,34,PERSON,
Kalicube Tuesdays with Tom Shapiro and Jason Barnard: Rethink Lead Generation,Jason Barnard,39,52,PERSON,
NAEM Tech 22,NAEM Tech,0,9,ORG,
Wall Street Green Summit,Wall Street Green Summit,0,24,ORG,
TDC CONNECTIONS - 2022,TDC,0,3,ORG,
TDC CONNECTIONS - 2022,2022,18,22,DATE,
The Adolescent Clinical Excellence Conference,The Adolescent Clinical Excellence Conference,0,45,ORG,
Best IAS Coaching in India - Youth Destination IAS PCS,PCS,51,54,ORG,
"DisruptHR Portland, ME",Portland,10,18,GPE,
BANKICON 2021,2021,9,13,CARDINAL,
DTC National Conference,DTC National Conference,0,23,ORG,
SI-UK University Fair London 3rd July 2022,SI-UK University Fair London 3rd,0,32,ORG,
SI-UK University Fair London 3rd July 2022,July 2022,33,42,DATE,
Legal Games 2021,2021,12,16,DATE,
25th Annual President's Week Conference,25th,0,4,ORDINAL,
25th Annual President's Week Conference,Annual President's Week Conference,5,39,EVENT,
DevOpsDays Prague,Prague,11,17,GPE,
"200 Hour Yoga Teacher Training in Rishikesh, India",Rishikesh,34,43,GPE,
"200 Hour Yoga Teacher Training in Rishikesh, India",India,45,50,GPE,
Trauma Informed and Resilience Oriented Care (TIROC): A Foundation for Wellbeing and Recovery,A Foundation for Wellbeing and Recovery,54,93,ORG,
"Reinforcement Learning Summit, Toronto",Toronto,31,38,GPE,
Paris P2P Festival #0,Paris,0,5,GPE,
Paris P2P Festival #0,0,20,21,MONEY,
Astra DB's Buildathon | Making Side Hustles a Reality - Powered by DataStax,Astra DB's,0,10,PERSON,
Astra DB's Buildathon | Making Side Hustles a Reality - Powered by DataStax,DataStax,67,75,ORG,
ElixirConf EU 2021,ElixirConf,0,10,ORG,
ElixirConf EU 2021,EU,11,13,ORG,
SIGGRAPH 2020,2020,9,13,DATE,
Cyber Xcelerator application deadline,Cyber Xcelerator,0,16,ORG,
Zima Magazine Startup Competition 21-22,Zima Magazine Startup Competition,0,33,ORG,
Zima Magazine Startup Competition 21-22,21,34,36,CARDINAL,
Unabis CBD Gummies,Unabis CBD Gummies,0,18,ORG,
International ERG Day 2021,International ERG Day 2021,0,26,EVENT,
Ask an Expert: Q&amp;A session,Q&amp;A,15,22,PERSON,
Digital Content Factory in Action: 5 Principles to Start and Reap the Benefits,Digital Content Factory,0,23,ORG,
Digital Content Factory in Action: 5 Principles to Start and Reap the Benefits,5,35,36,CARDINAL,
Omnichannel: Boost HCPs Engagement and Reduce Cost-Per-Contact,Reduce Cost-Per-Contact,39,62,PERSON,
13th Annual Digital Pharma East,Annual,5,11,DATE,
THE ART OF PERSONALIZED CONTENT: Modular Palette for Success,Success,53,60,ORG,
Kalicube Tuesdays Monthly Roundtable: Building a Knowledge Graph from a SERP,Kalicube Tuesdays Monthly Roundtable: Building a Knowledge Graph,0,64,ORG,
Kalicube Tuesdays Monthly Roundtable: Building a Knowledge Graph from a SERP,SERP,72,76,ORG,
How To Build HCP Engagement with AI-based Omnichannel Approach,AI,33,35,ORG,
How To Build HCP Engagement with AI-based Omnichannel Approach,Omnichannel Approach,42,62,ORG,
Zakat 2.0 - Reimagining Zakat for United Economic Empowerment!,Zakat,0,5,PERSON,
SV388 SITUS JUDI SABUNG AYAM WIN STRIKE 7x BERUNTUN 100%,100%,52,56,PERCENT,
Kalicube Tuesdays with Stephan Bajaio and Jason Barnard,Kalicube Tuesdays with,0,22,ORG,
Kalicube Tuesdays with Stephan Bajaio and Jason Barnard,Stephan Bajaio,23,37,PERSON,
Kalicube Tuesdays with Stephan Bajaio and Jason Barnard,Jason Barnard,42,55,PERSON,
"Yoga TTC in Rishikesh, India",Rishikesh,12,21,GPE,
"Yoga TTC in Rishikesh, India",India,23,28,GPE,
Webinar UX/UI,Webinar UX/UI,0,13,ORG,
"Insights Learned on Explainable AI in a Global Data Environment with John Power, CDO/CAO, Equifax",Global Data Environment,40,63,ORG,
"Insights Learned on Explainable AI in a Global Data Environment with John Power, CDO/CAO, Equifax",John Power,69,79,PERSON,
"Insights Learned on Explainable AI in a Global Data Environment with John Power, CDO/CAO, Equifax",CDO,81,84,ORG,
"Insights Learned on Explainable AI in a Global Data Environment with John Power, CDO/CAO, Equifax",CAO,85,88,ORG,
"Insights Learned on Explainable AI in a Global Data Environment with John Power, CDO/CAO, Equifax",Equifax,90,97,ORG,
AED Days,AED Days,0,8,ORG,
Pharma Marketing USA 2021,Pharma Marketing USA 2021,0,25,PERSON,
How the US Navy Built its AI Practice Through Entrepreneurial Endeavors,the US Navy Built,4,21,ORG,
How the US Navy Built its AI Practice Through Entrepreneurial Endeavors,AI Practice Through Entrepreneurial Endeavors,26,71,ORG,
Modular Content Lab [The Series]: Session 1,1,42,43,CARDINAL,
Veeva Commercial &amp; Medical North America Summit Connect 2021,Veeva Commercial &amp,0,21,ORG,
Veeva Commercial &amp; Medical North America Summit Connect 2021,Medical North America Summit,23,51,ORG,
What Big Pharma Must Learn From Unicorns in 2021,Unicorns,32,40,ORG,
What Big Pharma Must Learn From Unicorns in 2021,2021,44,48,DATE,
Web Summit 2019,2019,11,15,DATE,
Bucharest MeasureCamp 2022,2022,22,26,DATE,
CES 2020,2020,4,8,DATE,
Next Normal Event: Pharma Digital and Commercial Excellence,Pharma Digital,19,33,PERSON,
"Maximizing the Impacts of AI through strategic coordination, planning and customer service excellence by Pamela Isom, Dir., AI &amp; Technology, DOE",Pamela Isom,105,116,PERSON,
"Maximizing the Impacts of AI through strategic coordination, planning and customer service excellence by Pamela Isom, Dir., AI &amp; Technology, DOE",Dir,118,121,ORG,
"Maximizing the Impacts of AI through strategic coordination, planning and customer service excellence by Pamela Isom, Dir., AI &amp; Technology, DOE",AI &,124,128,ORG,
"Maximizing the Impacts of AI through strategic coordination, planning and customer service excellence by Pamela Isom, Dir., AI &amp; Technology, DOE",Technology,133,143,ORG,
Eagle Alpha: 2021 ONE The Conference,Eagle Alpha,0,11,ORG,
Eagle Alpha: 2021 ONE The Conference,2021 ONE,13,21,DATE,
PM72 Summit - Around the Project Management World in 72 hours,the Project Management World,21,49,ORG,
PM72 Summit - Around the Project Management World in 72 hours,72 hours,53,61,TIME,
AWE USA 2021,AWE USA 2021,0,12,ORG,
SXSW 2017,SXSW,0,4,ORG,
"2022 IANS Philadelphia/Washington, D.C. Information Security Forum",2022,0,4,DATE,
"2022 IANS Philadelphia/Washington, D.C. Information Security Forum",Philadelphia,10,22,GPE,
"2022 IANS Philadelphia/Washington, D.C. Information Security Forum",Washington,23,33,GPE,
MOVE 2022,2022,5,9,DATE,
HRSE HR Summit and Expo,HRSE HR Summit,0,14,ORG,
CIPD Middle East People Conference and Awards,CIPD,0,4,GPE,
Legendary Launch,Legendary Launch,0,16,PERSON,
Author Rudy Ruiz at Book People,Rudy Ruiz,7,16,PERSON,
Legendary Summit,Legendary Summit,0,16,ORG,
Future Innovation Summit,Future Innovation Summit,0,24,ORG,
Blockchain Awareness,Blockchain Awareness,0,20,PERSON,
"Deep Learning Summit, Toronto 2020",Deep Learning Summit,0,20,ORG,
"Deep Learning Summit, Toronto 2020",Toronto,22,29,GPE,
"Deep Learning Summit, Toronto 2020",2020,30,34,DATE,
484 | News from the EDGE | Week of 3.7.2022,484,0,3,CARDINAL,
484 | News from the EDGE | Week of 3.7.2022,EDGE,20,24,ORG,
484 | News from the EDGE | Week of 3.7.2022,3.7.2022,35,43,CARDINAL,
Author Rudy Ruiz at the Twig Book Shop,Rudy Ruiz,7,16,PERSON,
Author Rudy Ruiz at the Twig Book Shop,the Twig Book Shop,20,38,EVENT,
Review &amp; rating,Review &,0,8,ORG,
Automechanika Dubai,Automechanika Dubai,0,19,PERSON,
GSMA Mobile 360 Riyadh 2022,GSMA Mobile,0,11,ORG,
AI in Government - Data is King: Let’s Talk About It with Figure Eight Federal,Eight,65,70,CARDINAL,
AfroTalent Film Festival,AfroTalent Film Festival,0,24,EVENT,
Hatha Yoga Teacher Training in Rishikesh,Hatha Yoga,0,10,PERSON,
Hatha Yoga Teacher Training in Rishikesh,Hatha Yoga,0,10,PERSON,
DAFTAR BOCORAN RTP SLOT GACOR HARI INI TERTINGGI DIJAMIN MAXWIN 2022,DAFTAR BOCORAN RTP SLOT GACOR HARI INI TERTINGGI,0,48,ORG,
DAFTAR BOCORAN RTP SLOT GACOR HARI INI TERTINGGI DIJAMIN MAXWIN 2022,2022,64,68,DATE,
Hatha Yoga Teacher Training in Rishikesh,Hatha Yoga,0,10,PERSON,
Uszanowanko Programowanko #55: Co QA może i jak dev dopomoże,Uszanowanko Programowanko,0,25,ORG,
Uszanowanko Programowanko #55: Co QA może i jak dev dopomoże,55,27,29,MONEY,
"International Conference On Business Economics, Literature, And Culture 2023","International Conference On Business Economics, Literature",0,58,ORG,
IAA Mobility 2021,IAA Mobility,0,12,ORG,
IAA Mobility 2021,2021,13,17,DATE,
Conférence Covid Long et Immunité,Covid Long,11,21,PERSON,
Invictus Business Challenge,Invictus Business Challenge,0,27,ORG,
500 Hour Yoga Teacher Training in Rishikesh,500 Hour Yoga Teacher Training in Rishikesh,0,43,WORK_OF_ART,
TiE Socal Investor Summit 2022,2022,26,30,DATE,
KoreSummit Medtech A+ Team,KoreSummit Medtech A+ Team,0,26,ORG,
Volunteer Weekend,Volunteer Weekend,0,17,ORG,
BIO International Convention,BIO International Convention,0,28,ORG,
"EuroCircle's ""Sunset Seduction"" Summer Party",EuroCircle,0,10,ORG,
"EuroCircle's ""Sunset Seduction"" Summer Party",Sunset Seduction,14,30,WORK_OF_ART,
"EuroCircle's ""Sunset Seduction"" Summer Party",Summer Party,32,44,ORG,
WEBCONGRESS MIAMI 2022,2022,18,22,DATE,
Learn Digital Marketing with App and Website Pty Ltd,Learn Digital Marketing,0,23,ORG,
Learn Digital Marketing with App and Website Pty Ltd,App,29,32,PERSON,
4me Connect 2022 – Global Conference,4me,0,3,CARDINAL,
4me Connect 2022 – Global Conference,2022,12,16,DATE,
Hatha Yoga Teacher Training in Rishikesh,Hatha Yoga,0,10,PERSON,
Hatha Yoga Teacher Training in Rishikesh,Hatha Yoga,0,10,PERSON,
Hatha yoga Teacher Training in Rishikesh,Hatha,0,5,PERSON,
SREcon Americas 22,SREcon Americas,0,15,ORG,
SREcon Americas 22,22,16,18,CARDINAL,
//Slash Hackathon 2022,2022,18,22,DATE,
INVEST IN AFRICA SUMMIT 2023,AFRICA,10,16,LOC,
INVEST IN AFRICA SUMMIT 2023,2023,24,28,CARDINAL,
Singapore FinTech Festival,Singapore FinTech Festival,0,26,EVENT,
Movies around the world London : AR / VR,London,24,30,GPE,
Kalicube Tuesdays with Purna Virji and Jason Barnard: Prominence vs. Presence on LinkedIn,Tuesdays,9,17,DATE,
Kalicube Tuesdays with Purna Virji and Jason Barnard: Prominence vs. Presence on LinkedIn,Purna Virji,23,34,GPE,
Kalicube Tuesdays with Purna Virji and Jason Barnard: Prominence vs. Presence on LinkedIn,Jason Barnard,39,52,PERSON,
CF CLEAR LAUNCH,CF CLEAR LAUNCH,0,15,NORP,
European Women in Technology 2019 (Amsterdam),European Women in Technology,0,28,ORG,
European Women in Technology 2019 (Amsterdam),Amsterdam,35,44,GPE,
HostingTalk Global Online Matchmaking Summit 2022,HostingTalk Global Online Matchmaking Summit,0,44,WORK_OF_ART,
HostingTalk Global Online Matchmaking Summit 2022,2022,45,49,DATE,
Digital Marketing Workshop,Digital Marketing,0,17,ORG,
TechCrunch Disrupt 2021,TechCrunch Disrupt,0,18,ORG,
Web Summit 2018,2018,11,15,DATE,
Virtual Horror Con 2022,2022,19,23,DATE,
Revenue Marketing Festival | 12th October 2022,October 2022,34,46,DATE,
DMEXCO &amp; Unilever Foundry Start-up Hatch,DMEXCO &amp,0,11,ORG,
DMEXCO &amp; Unilever Foundry Start-up Hatch,Unilever Foundry Start,13,35,ORG,
Nebular Summit,Nebular Summit,0,14,ORG,
Webinar :oFrass biofertilización a partir del insecto Tenebrio Molitor,oFrass,9,15,ORG,
Webinar :oFrass biofertilización a partir del insecto Tenebrio Molitor,Tenebrio Molitor,54,70,PERSON,
Digital Marketing Boot camp.,Digital Marketing Boot,0,22,ORG,
Cloud Field Day 13,Day 13,12,18,DATE,
AI FOR LONGEVITY SUMMIT 2019,2019,24,28,DATE,
Dec 1 &amp; 3: Live video shopping with Local Purse - Buy your unique Christmas gifts and impact the world too!,Dec 1 &,0,7,DATE,
Dec 1 &amp; 3: Live video shopping with Local Purse - Buy your unique Christmas gifts and impact the world too!,3,12,13,CARDINAL,
Dec 1 &amp; 3: Live video shopping with Local Purse - Buy your unique Christmas gifts and impact the world too!,Local Purse - Buy,40,57,ORG,
Dec 1 &amp; 3: Live video shopping with Local Purse - Buy your unique Christmas gifts and impact the world too!,Christmas,70,79,DATE,
Art Collecting for Millennials: A Panel discussion with Q+A,Art Collecting,0,14,PERSON,
CES 2018,2018,4,8,DATE,
EU | Silicon Valley Entrepreneurship Training,EU,0,2,ORG,
EU | Silicon Valley Entrepreneurship Training,Silicon Valley,5,19,LOC,
Edge of Chaos,Chaos,8,13,PERSON,
"Daily Current Affairs For UPSC, IAS PCS - Youth Destination IAS",Daily Current Affairs,0,21,ORG,
"Daily Current Affairs For UPSC, IAS PCS - Youth Destination IAS",UPSC,26,30,ORG,
"Daily Current Affairs For UPSC, IAS PCS - Youth Destination IAS",IAS PCS - Youth Destination IAS,32,63,ORG,
"The Future of Conferences with Fortune, Wall Street Journal, &amp; Financial Times","The Future of Conferences with Fortune, Wall Street Journal, &amp",0,65,ORG,
"The Future of Conferences with Fortune, Wall Street Journal, &amp; Financial Times",Financial Times,67,82,ORG,
Black Hat 2022,Black Hat,0,9,PERSON,
Black Hat 2022,2022,10,14,DATE,
Great British Entrepreneur Awards,Great British Entrepreneur Awards,0,33,ORG,
LeadDev London 2022,LeadDev London,0,14,PERSON,
LeadDev London 2022,2022,15,19,DATE,
"Mindset, Motivation, &amp; Monetization",Mindset,0,7,GPE,
"Mindset, Motivation, &amp; Monetization","Motivation, &amp",9,25,ORG,
"Mindset, Motivation, &amp; Monetization",Monetization,27,39,GPE,
Research Oral Presentation - Ruh - An Integrative Solution to Mindfulness for Muslims,Muslims,78,85,NORP,
Kalicube Tuesdays Monthly Roundtable: Making Multi-Modal Matter in SEO,Kalicube Tuesdays Monthly Roundtable: Making,0,44,ORG,
Purdue Startup Expo 2022,Purdue Startup Expo,0,19,WORK_OF_ART,
Purdue Startup Expo 2022,2022,20,24,DATE,
MoneyLive Digital Banking 2019,Digital Banking,10,25,ORG,
MoneyLive Digital Banking 2019,2019,26,30,DATE,
Enterprise Search &amp; Discovery 2021,Discovery,24,33,PRODUCT,
Teradata Universe 2021,Teradata Universe,0,17,PERSON,
EcoMotion Week 2022 Israel,Week 2022,10,19,DATE,
EcoMotion Week 2022 Israel,Israel,20,26,GPE,
"Yoga Teacher Training in Goa, India",Goa,25,28,GPE,
"Yoga Teacher Training in Goa, India",India,30,35,GPE,
SAA Museum Collectibles Fair,SAA Museum Collectibles Fair,0,28,ORG,
"Modular Content Lab: Standardizing Before You Diversify (The Forgotten Step), Session 3",3,86,87,CARDINAL,
African Aerospace and Defence(AAD) Expo Launch,African Aerospace,0,17,ORG,
Channel Partners Conference &amp; Expo 2020,Channel Partners Conference &,0,29,ORG,
Channel Partners Conference &amp; Expo 2020,Expo 2020,34,43,FAC,
"500 Hour Yoga Teacher Training Course, Rishikesh",500 Hour Yoga Teacher Training Course,0,37,WORK_OF_ART,
Download Free English Worksheets For Grades 1-6,Download Free English Worksheets,0,32,ORG,
UK University Application Week for International Students,UK,0,2,GPE,
Kalicube Tuesdays with Ian Anderson Gray and Jason Barnard: Live Shows for Recovering Perfectionists,Kalicube Tuesdays,0,17,ORG,
Kalicube Tuesdays with Ian Anderson Gray and Jason Barnard: Live Shows for Recovering Perfectionists,Ian Anderson Gray,23,40,PERSON,
Kalicube Tuesdays with Ian Anderson Gray and Jason Barnard: Live Shows for Recovering Perfectionists,Jason Barnard,45,58,PERSON,
"Yoga Teacher Training in Rishikesh,India",Rishikesh,25,34,GPE,
"Yoga Teacher Training in Rishikesh,India",India,35,40,GPE,
Qatar World Cup | FIFA 2022,Qatar World Cup,0,15,ORG,
Qatar World Cup | FIFA 2022,2022,23,27,DATE,
FT | Energy Source Live,Energy Source Live,5,23,PRODUCT,
World's First Phygital NFT Launch,World,0,5,ORG,
World's First Phygital NFT Launch,First Phygital,8,22,ORG,
World Economic Forum Annual Meeting 2016,World Economic Forum,0,20,ORG,
"200 Hour Yoga Teacher Training in Rishikesh Yogpeeth, India",India,54,59,GPE,
Miami Blockchain &amp; NFT Summit,Miami Blockchain &amp,0,21,ORG,
Miami Blockchain &amp; NFT Summit,NFT Summit,23,33,ORG,
Kalicube Tuesdays with Brie Anderson and Jason Barnard: Data Driven SEO &amp; Always Be Testing,Tuesdays,9,17,DATE,
Kalicube Tuesdays with Brie Anderson and Jason Barnard: Data Driven SEO &amp; Always Be Testing,Brie Anderson,23,36,PERSON,
Kalicube Tuesdays with Brie Anderson and Jason Barnard: Data Driven SEO &amp; Always Be Testing,Jason Barnard,41,54,PERSON,
Kalicube Tuesdays with Brie Anderson and Jason Barnard: Data Driven SEO &amp; Always Be Testing,Data Driven SEO &,56,73,ORG,
AWE USA 2022,AWE USA 2022,0,12,ORG,
Atlassian Team 22,Atlassian Team,0,14,ORG,
15th International Conference on Precision Agriculture,15th,0,4,ORDINAL,
15th International Conference on Precision Agriculture,International Conference on Precision Agriculture,5,54,EVENT,
Centro de Incubação de Évora - 2018 DEMO DAY,Centro de Incubação de Évora - 2018,0,35,ORG,
FoundersBoost Fall Programs Pre-Accelerator Launch,FoundersBoost Fall Programs Pre-Accelerator Launch,0,50,ORG,
Russian Creativity Week,Russian Creativity Week,0,23,ORG,
International Telecoms Week,International Telecoms Week,0,27,ORG,
Kalicube Tuesdays with Joseph J. Sherman and Jason Barnard: Effective Media Cadence for PR,Tuesdays,9,17,DATE,
Kalicube Tuesdays with Joseph J. Sherman and Jason Barnard: Effective Media Cadence for PR,Joseph J. Sherman,23,40,PERSON,
Kalicube Tuesdays with Joseph J. Sherman and Jason Barnard: Effective Media Cadence for PR,Jason Barnard,45,58,PERSON,
Kalicube Tuesdays with Judith Lewis and Jason Barnard: Winning the Linkbuilding Game with Data,Judith Lewis,23,35,PERSON,
Kalicube Tuesdays with Judith Lewis and Jason Barnard: Winning the Linkbuilding Game with Data,Jason Barnard,40,53,PERSON,
Cornell University George Harmon Coxe Award Winner Poetry Reading,Cornell University,0,18,ORG,
Cornell University George Harmon Coxe Award Winner Poetry Reading,George Harmon Coxe Award Winner,19,50,PERSON,
Product Marketing Summit | San Francisco,Product Marketing Summit,0,24,ORG,
Product Marketing Summit | San Francisco,San Francisco,27,40,GPE,
UPSC IAS Mentorship Program by Youth Destination IAS PCS,UPSC IAS Mentorship Program,0,27,ORG,
UPSC IAS Mentorship Program by Youth Destination IAS PCS,Youth Destination IAS PCS,31,56,ORG,
Vibhu Agarwal launches a new Hindi GEC - ATRANGII,Vibhu Agarwal,0,13,ORG,
Vibhu Agarwal launches a new Hindi GEC - ATRANGII,Hindi GEC - ATRANGII,29,49,ORG,
HFM Virtual Symposium North America,HFM Virtual Symposium North America,0,35,ORG,
HFM US Technology Summit 2022,HFM US Technology Summit,0,24,ORG,
HFM US Technology Summit 2022,2022,25,29,DATE,
Black Hat USA 2021,Black Hat USA,0,13,PERSON,
World Agri-Tech Innovation Summit 2022,World Agri-Tech Innovation Summit,0,33,ORG,
World Agri-Tech Innovation Summit 2022,2022,34,38,DATE,
"Mega UK Education Expo 2022 -The Gateway Hotel, Kochi",Kochi,48,53,GPE,
ICA Summit,ICA Summit,0,10,ORG,
AfroTalent Film Festival,AfroTalent Film Festival,0,24,EVENT,
OMR Festival 2022,2022,13,17,DATE,
Global DeFi Summit 2021,2021,19,23,DATE,
NYMIC: Connecting the dots Issues using data in the Maritme Industry,the Maritme Industry,48,68,LOC,
JOC Emerging Tech Summit,JOC Emerging Tech Summit,0,24,ORG,
Online Q&amp;A: Cyber Xcelerator acceleration program,Cyber Xcelerator,16,32,ORG,
Bay park CBD Gummies,Bay park,0,8,LOC,
Bay park CBD Gummies,CBD Gummies,9,20,FAC,
Disruptive Innovation Summit 2022,Disruptive Innovation Summit,0,28,ORG,
Disruptive Innovation Summit 2022,2022,29,33,DATE,
Founders Forum 2022,2022,15,19,DATE,
Sevan Startup Summit 2016,2016,21,25,DATE,
Sevan Startup Summit 2017,2017,21,25,DATE,
ETHNewYork 2019,2019,11,15,DATE,
Sourabh Verma in Franklin TN Celebrating International Day 2022,Sourabh Verma,0,13,PERSON,
Sourabh Verma in Franklin TN Celebrating International Day 2022,Franklin TN Celebrating International Day 2022,17,63,ORG,
Sevan Startup Summit 2018,2018,21,25,DATE,
Service Provider Summit 2022,2022,24,28,DATE,
cdCon 2021,2021,6,10,DATE,
Online Coding Classes For Kids in Grade 1 to 8,Online Coding Classes For Kids,0,30,ORG,
Online Coding Classes For Kids in Grade 1 to 8,1,40,41,CARDINAL,
Online Coding Classes For Kids in Grade 1 to 8,8,45,46,CARDINAL,
CONNECTS,CONNECTS,0,8,ORG,
"Privacy + Security Forum, Fall Academy",Privacy + Security Forum,0,24,ORG,
"Privacy + Security Forum, Fall Academy",Fall Academy,26,38,ORG,
Pitch HearstLab: Texas,Texas,17,22,GPE,
Dunia Games Festival 2021,Dunia Games Festival,0,20,EVENT,
ApacheCon @ Home,ApacheCon,0,9,ORG,
Adweek NexTech 2019,Adweek NexTech 2019,0,19,ORG,
HR Technology Conference &amp; Exposition,HR Technology Conference &,0,26,ORG,
HR Technology Conference &amp; Exposition,Exposition,31,41,ORG,
Cognitive Project Management for AI (CPMAI) Methodology and Certification 2022,Cognitive Project Management for AI (CPMAI) Methodology and,0,59,ORG,
Cognitive Project Management for AI (CPMAI) Methodology and Certification 2022,Certification,60,73,ORG,
Product Marketing Summit | New York,Product Marketing Summit,0,24,ORG,
Product Marketing Summit | New York,New York,27,35,GPE,
"Kalicube Tuesdays with David Amerland and Jason Barnard: Searcher Behaviour, Intent &amp; Expectations",David Amerland,23,37,PERSON,
"Kalicube Tuesdays with David Amerland and Jason Barnard: Searcher Behaviour, Intent &amp; Expectations",Jason Barnard,42,55,PERSON,
"Kalicube Tuesdays with David Amerland and Jason Barnard: Searcher Behaviour, Intent &amp; Expectations","Behaviour, Intent &",66,85,ORG,
Kalicube Tuesdays with Lidia Infante and Jason Barnard: SEO Gap Analysis: Digging Up the Gold,Kalicube Tuesdays,0,17,ORG,
Kalicube Tuesdays with Lidia Infante and Jason Barnard: SEO Gap Analysis: Digging Up the Gold,Lidia Infante,23,36,ORG,
Kalicube Tuesdays with Lidia Infante and Jason Barnard: SEO Gap Analysis: Digging Up the Gold,Jason Barnard,41,54,PERSON,
Caron's Got Talent,Caron,0,5,ORG,
ITC Vegas,ITC Vegas,0,9,ORG,
IAFP Symposium Toronto 2002,IAFP Symposium Toronto,0,22,ORG,
IAFP Symposium Toronto 2002,2002,23,27,DATE,
Bolaparlay69: Situs Judi Bola Parlay Terpercaya,Judi Bola,20,29,PERSON,
Bolaparlay69: Situs Judi Bola Parlay Terpercaya,Parlay Terpercaya,30,47,PERSON,
IAFP Annual Symposium 2010 Banff,IAFP Annual Symposium 2010,0,26,ORG,
IAFP Annual Symposium 2012 Vancouver,IAFP Annual Symposium 2012,0,26,ORG,
Spinnaker Summit 2020,Spinnaker Summit,0,16,ORG,
Spinnaker Summit 2020,2020,17,21,DATE,
SXSW 2022,SXSW,0,4,ORG,
Innovation Review on CleanTech in Mobility,Innovation Review,0,17,ORG,
Innovation Review on CleanTech in Mobility,CleanTech,21,30,ORG,
Innovation Review on CleanTech in Mobility,Mobility,34,42,GPE,
Uplive X Hekka Fashion NYFW 2022 Runway Show,Uplive X Hekka Fashion NYFW 2022 Runway Show,0,44,ORG,
DLD 2022,2022,4,8,DATE,
Hong Kong International Licensing Show,Hong Kong International Licensing Show,0,38,GPE,
Served time in Federal Prison,Federal Prison,15,29,ORG,
9th Annual Startup of the Year,9th,0,3,ORDINAL,
Dubai Airshow 2021,Dubai Airshow,0,13,ORG,
Dubai Airshow 2021,2021,14,18,DATE,
DEMO SLOT PGSOFT BET 200 RUPIAH SLOT PG SOFT MAHJONG WAYS 1,RUPIAH,25,31,ORG,
No Excuses by Paul Sera,Paul Sera,14,23,PERSON,
Adobe Summit 2022,Adobe Summit,0,12,ORG,
Adobe Summit 2022,2022,13,17,DATE,
