Text,Noun,Number of Nouns,Verb,Number of Verbs,Adjective,Number of Adjectives
United States Companies With More Than $1M in Revenue (Top 10K),[],0,[],0,[More],1
Companies With More Than $1M in Revenue (Top 10K),[Companies],1,[],0,[More],1
Companies With More Than 10 Employees (Top 10K),"[Companies, Employees]",2,[],0,[More],1
United States Companies With More Than 10 Employees (Top 10K),[Employees],1,[],0,[More],1
United States Companies With Less Than $1B in Revenue (Top 10K),[1B],1,[],0,[Less],1
United States Companies With Less Than $500M in Revenue (Top 10K),[],0,[],0,[Less],1
Private United States Companies (Top 10K),[],0,[],0,[Private],1
United States Companies (Top 10K),[],0,[],0,[],0
United States Companies With Fewer Than 1000 Employees (Top 10K),[Employees],1,[],0,[Fewer],1
Companies With Fewer Than 1000 Employees (Top 10K),"[Companies, Employees]",2,[],0,[Fewer],1
United States Companies With Less Than $50M in Revenue (Top 10K),[],0,[],0,[Less],1
Companies With Less Than $1B in Revenue (Top 10K),"[Companies, 1B]",2,[],0,[Less],1
Companies With Less Than $500M in Revenue (Top 10K),[Companies],1,[],0,[Less],1
Manufacturing Companies With More Than $1M in Revenue (Top 10K),[Companies],1,[Manufacturing],1,[More],1
Companies With Less Than $50M in Revenue (Top 10K),[Companies],1,[],0,[Less],1
Manufacturing Companies With Less Than $1B in Revenue (Top 10K),"[Companies, 1B]",2,[Manufacturing],1,[Less],1
Manufacturing Companies With Less Than $500M in Revenue (Top 10K),[Companies],1,[Manufacturing],1,[Less],1
United States Companies With Fewer Than 100 Employees (Top 10K),[Employees],1,[],0,[Fewer],1
Companies With Fewer Than 100 Employees (Top 10K),"[Companies, Employees]",2,[],0,[Fewer],1
Manufacturing Companies With Less Than $50M in Revenue (Top 10K),[Companies],1,[Manufacturing],1,[Less],1
Companies With More Than 50 Employees (Top 10K),"[Companies, Employees]",2,[],0,[More],1
United States Companies With Less Than $10M in Revenue (Top 10K),[],0,[],0,[Less],1
Southern US Companies With More Than $1M in Revenue (Top 10K),[Companies],1,[],0,"[Southern, More]",2
United States Companies With Fewer Than 50 Employees (Top 10K),[Employees],1,[],0,[Fewer],1
Manufacturing Companies With More Than 10 Employees (Top 10K),"[Companies, Employees]",2,[Manufacturing],1,[More],1
Companies With Fewer Than 50 Employees (Top 10K),"[Companies, Employees]",2,[],0,[Fewer],1
United States Manufacturing Companies (Top 10K),[],0,[],0,[],0
Companies With Less Than $10M in Revenue (Top 10K),[Companies],1,[],0,[Less],1
Manufacturing Companies With Fewer Than 1000 Employees (Top 10K),"[Companies, Employees]",2,[Manufacturing],1,[Fewer],1
Companies With More Than $10M in Revenue (Top 10K),[Companies],1,[],0,[More],1
United States Companies With More Than 50 Employees (Top 10K),[Employees],1,[],0,[More],1
Manufacturing Companies (Top 10K),"[Manufacturing, Companies]",2,[],0,[],0
Southern US Companies With More Than 10 Employees (Top 10K),"[Companies, Employees]",2,[],0,"[Southern, More]",2
East Coast Companies With More Than $1M in Revenue (Top 10K),[],0,[],0,[More],1
Companies With More Than 100 Employees (Top 10K),"[Companies, Employees]",2,[],0,[More],1
Southern US Companies With Less Than $1B in Revenue (Top 10K),"[Companies, 1B]",2,[],0,"[Southern, Less]",2
Southern US Companies With Less Than $500M in Revenue (Top 10K),[Companies],1,[],0,"[Southern, Less]",2
Private Southern US Companies (Top 10K),[],0,[],0,"[Private, Southern]",2
Southern US Companies (Top 10K),[],0,[],0,[Southern],1
Southern US Companies With Fewer Than 1000 Employees (Top 10K),"[Companies, Employees]",2,[],0,"[Southern, Fewer]",2
Manufacturing Companies With Less Than $10M in Revenue (Top 10K),[Companies],1,[Manufacturing],1,[Less],1
United States Companies With More Than $10M in Revenue (Top 10K),[],0,[],0,[More],1
Southern US Companies With Less Than $50M in Revenue (Top 10K),[Companies],1,[],0,"[Southern, Less]",2
East Coast Companies With More Than 10 Employees (Top 10K),[Employees],1,[],0,[More],1
Venture Capital Investors with Investments in Europe,[],0,[],0,[],0
Dental Companies With More Than $1M in Revenue,"[Companies, Revenue]",2,[],0,"[Dental, More]",2
Private East Coast Companies (Top 10K),[],0,[],0,[],0
East Coast Companies (Top 10K),[],0,[],0,[],0
Manufacturing Companies With Fewer Than 100 Employees (Top 10K),"[Companies, Employees]",2,[Manufacturing],1,[Fewer],1
United States Companies With More Than 100 Employees (Top 10K),[Employees],1,[],0,[More],1
East Coast Companies With Fewer Than 1000 Employees (Top 10K),[Employees],1,[],0,[Fewer],1
Venture Capital Investors with Investments in East Coast,[],0,[],0,[],0
East Coast Companies With Less Than $1B in Revenue (Top 10K),[1B],1,[],0,[Less],1
East Coast Companies With Less Than $500M in Revenue (Top 10K),[],0,[],0,[Less],1
Real Estate Companies With More Than $1M in Revenue (Top 10K),[Companies],1,[],0,"[Real, More]",2
Great Lakes Companies With More Than $1M in Revenue (Top 10K),[],0,[],0,[More],1
Industrial Companies With More Than $1M in Revenue (Top 10K),[],0,[],0,[More],1
East Coast Companies With Less Than $50M in Revenue (Top 10K),[],0,[],0,[Less],1
Venture Capital Investors with Investments in Northeastern US,[],0,[],0,[],0
Health Care Companies With More Than $1M in Revenue (Top 10K),[Companies],1,[],0,[More],1
Venture Capital Investors with Investments in United States,[],0,[],0,[],0
Midwestern US Companies With More Than $1M in Revenue (Top 10K),[Companies],1,[],0,"[Midwestern, More]",2
Southern US Companies With Fewer Than 100 Employees (Top 10K),"[Companies, Employees]",2,[],0,"[Southern, Fewer]",2
Southern US Companies With Less Than $10M in Revenue (Top 10K),[Companies],1,[],0,"[Southern, Less]",2
Western US Companies With More Than $1M in Revenue (Top 10K),[Companies],1,[],0,"[Western, More]",2
Property Management Companies With More Than $1M in Revenue (Top 10K),[Companies],1,[],0,[More],1
United States Health Care Companies (Top 10K),[],0,[],0,[],0
Manufacturing Companies With More Than 50 Employees (Top 10K),"[Companies, Employees]",2,[Manufacturing],1,[More],1
Manufacturing Companies With Fewer Than 50 Employees (Top 10K),"[Companies, Employees]",2,[Manufacturing],1,[Fewer],1
Midwestern US Companies With More Than 10 Employees (Top 10K),"[Companies, Employees]",2,[],0,"[Midwestern, More]",2
Great Lakes Companies With More Than 10 Employees (Top 10K),[Employees],1,[],0,[More],1
Southern US Companies With Fewer Than 50 Employees (Top 10K),"[Companies, Employees]",2,[],0,"[Southern, Fewer]",2
Manufacturing Companies With More Than $10M in Revenue (Top 10K),[Companies],1,[Manufacturing],1,[More],1
Great Lakes Companies With Less Than $1B in Revenue (Top 10K),[1B],1,[],0,[Less],1
Great Lakes Companies With Less Than $500M in Revenue (Top 10K),[],0,[],0,[Less],1
East Coast Companies With Fewer Than 100 Employees (Top 10K),[Employees],1,[],0,[Fewer],1
Industrial Companies With Less Than $1B in Revenue (Top 10K),[1B],1,[],0,[Less],1
Venture Capital Investors with Investments in Western US,[],0,[],0,[],0
Industrial Companies With Less Than $500M in Revenue (Top 10K),[],0,[],0,[Less],1
Industrial Companies With More Than 10 Employees (Top 10K),[Employees],1,[],0,[More],1
Real Estate Companies With Less Than $1B in Revenue (Top 10K),"[Companies, 1B]",2,[],0,"[Real, Less]",2
Venture Capital Investors with Investments in West Coast,[],0,[],0,[],0
Real Estate Companies With Less Than $500M in Revenue (Top 10K),[Companies],1,[],0,"[Real, Less]",2
Private Western US Companies (Top 10K),[],0,[],0,"[Private, Western]",2
Western US Companies (Top 10K),[],0,[],0,[Western],1
Midwestern US Companies With Less Than $1B in Revenue (Top 10K),"[Companies, 1B]",2,[],0,"[Midwestern, Less]",2
Venture Capital Investors with Investments in California,[],0,[],0,[],0
Midwestern US Companies With Fewer Than 1000 Employees (Top 10K),"[Companies, Employees]",2,[],0,"[Midwestern, Fewer]",2
Midwestern US Companies With Less Than $500M in Revenue (Top 10K),[Companies],1,[],0,"[Midwestern, Less]",2
Private Midwestern US Companies (Top 10K),[],0,[],0,"[Private, Midwestern]",2
Southern US Manufacturing Companies (Top 10K),[],0,[],0,[Southern],1
Midwestern US Companies (Top 10K),[Companies],1,[],0,[Midwestern],1
Private Great Lakes Companies (Top 10K),[],0,[],0,[Private],1
Real Estate Companies With Less Than $50M in Revenue (Top 10K),[Companies],1,[],0,"[Real, Less]",2
Industrial Companies With Less Than $50M in Revenue (Top 10K),[],0,[],0,[Less],1
Great Lakes Companies (Top 10K),[],0,[],0,[],0
Real Estate Companies With More Than 10 Employees (Top 10K),"[Companies, Employees]",2,[],0,"[Real, More]",2
Private Equity Firms with Investments in Massachusetts,[],0,[],0,[],0
Great Lakes Companies With Fewer Than 1000 Employees (Top 10K),[Employees],1,[],0,[Fewer],1
Great Lakes Companies With Less Than $50M in Revenue (Top 10K),[],0,[],0,[Less],1
Real Estate Companies With Fewer Than 1000 Employees (Top 10K),[Employees],1,[],0,"[Real, Fewer]",2
Western US Companies With Fewer Than 1000 Employees (Top 10K),"[Companies, Employees]",2,[],0,"[Western, Fewer]",2
Western US Companies With More Than 10 Employees (Top 10K),"[Companies, Employees]",2,[],0,"[Western, More]",2
Venture Capital Investors with Investments in Greater New York Area,[],0,[],0,[],0
Health Care Companies With Less Than $1B in Revenue (Top 10K),"[Companies, 1B]",2,[],0,[Less],1
Health Care Companies With Less Than $500M in Revenue (Top 10K),[Companies],1,[],0,[Less],1
Private Equity Firms with Investments in New England,[],0,[],0,[],0
Midwestern US Companies With Less Than $50M in Revenue (Top 10K),[Companies],1,[],0,"[Midwestern, Less]",2
Medical Companies With More Than $1M in Revenue (Top 10K),[],0,[],0,[More],1
Western US Companies With Less Than $1B in Revenue (Top 10K),"[Companies, 1B]",2,[],0,"[Western, Less]",2
Venture Capital Investors with Investments in United Kingdom,[],0,[],0,[],0
United States Real Estate Companies (Top 10K),[],0,[],0,[],0
Western US Companies With Less Than $500M in Revenue (Top 10K),[Companies],1,[],0,"[Western, Less]",2
United States Medical Companies (Top 10K),[],0,[],0,[],0
Health Care Companies With Less Than $50M in Revenue (Top 10K),[Companies],1,[],0,[Less],1
Industrial Companies With Fewer Than 1000 Employees (Top 10K),[Employees],1,[],0,[Fewer],1
East Coast Companies With Less Than $10M in Revenue (Top 10K),[],0,[],0,[Less],1
Health Care Companies With Fewer Than 1000 Employees (Top 10K),[Employees],1,[],0,[Fewer],1
Real Estate Companies (Top 10K),[],0,[],0,[Real],1
"Venture Capital Investors with Investments in New York, New York",[],0,[],0,[],0
East Coast Companies With Fewer Than 50 Employees (Top 10K),[Employees],1,[],0,[Fewer],1
Western US Companies With Less Than $50M in Revenue (Top 10K),[Companies],1,[],0,"[Western, Less]",2
Property Management Companies With Fewer Than 1000 Employees (Top 10K),"[Companies, Employees]",2,[],0,[Fewer],1
Health Care Companies With More Than 10 Employees (Top 10K),"[Companies, Employees]",2,[],0,[More],1
Health Care Companies (Top 10K),[],0,[],0,[],0
Venture Capital Investors with Investments in European Union (EU),[],0,[],0,[],0
Industrial Companies (Top 10K),[],0,[],0,[],0
Property Management Companies (Top 10K),[],0,[],0,[],0
United States Industrial Companies (Top 10K),[],0,[],0,[],0
Southern US Companies With More Than 50 Employees (Top 10K),"[Companies, Employees]",2,[],0,"[Southern, More]",2
Consulting Companies With More Than $1M in Revenue (Top 10K),[Companies],1,[Consulting],1,[More],1
United States Property Management Companies (Top 10K),[],0,[],0,[],0
Property Management Companies With Fewer Than 100 Employees (Top 10K),"[Companies, Employees]",2,[],0,[Fewer],1
Venture Capital Investors with Investments in San Francisco Bay Area,[Area],1,[],0,[],0
Property Management Companies With Less Than $50M in Revenue (Top 10K),[Companies],1,[],0,[Less],1
Property Management Companies With Less Than $500M in Revenue (Top 10K),[Companies],1,[],0,[Less],1
Private Equity Firms with Investments in Greater Boston Area,[Investments],1,[],0,[],0
Startups Founded in 2022,[Startups],1,[Founded],1,[],0
Property Management Companies With Less Than $1B in Revenue (Top 10K),"[Companies, 1B]",2,[],0,[Less],1
Residential Companies With More Than $1M in Revenue (Top 10K),[Companies],1,[],0,"[Residential, More]",2
East Coast Manufacturing Companies (Top 10K),[],0,[],0,[],0
Health Care Companies With Less Than $10M in Revenue (Top 10K),[Companies],1,[],0,[Less],1
East Coast Companies With More Than 50 Employees (Top 10K),[Employees],1,[],0,[More],1
Georgia Manufacturing Companies,[Companies],1,[],0,[],0
Northeastern US Companies With More Than $1M in Revenue (Top 10K),[Companies],1,[],0,"[Northeastern, More]",2
Venture Capital Investors with Investments in Massachusetts,[],0,[],0,[],0
Venture Capital Investors with Investments in New York,[],0,[],0,[],0
Western US Companies With Fewer Than 100 Employees (Top 10K),"[Companies, Employees]",2,[],0,"[Western, Fewer]",2
Property Management Companies With More Than 10 Employees (Top 10K),"[Companies, Employees]",2,[],0,[More],1
Europe Companies With More Than 10 Employees (Top 10K),"[Companies, Employees]",2,[],0,[More],1
Venture Capital Investors with Investments in New England,[],0,[],0,[],0
Venture Capital Investors with Investments in Silicon Valley,[],0,[],0,[],0
Real Estate Companies With Fewer Than 100 Employees (Top 10K),[Employees],1,[],0,"[Real, Fewer]",2
Venture Capital Investors with Investments in Southern US,[],0,[],0,[],0
Real Estate Companies With Less Than $10M in Revenue (Top 10K),[Companies],1,[],0,"[Real, Less]",2
Companies With Fewer Than 10 Employees (Top 10K),"[Companies, Employees]",2,[],0,[Fewer],1
Industrial Companies With Fewer Than 100 Employees (Top 10K),[Employees],1,[],0,[Fewer],1
Northeastern US Companies With More Than 10 Employees (Top 10K),"[Companies, Employees]",2,[],0,"[Northeastern, More]",2
Property Management Companies With Fewer Than 50 Employees (Top 10K),"[Companies, Employees]",2,[],0,[Fewer],1
Europe Web Apps Companies,"[Web, Companies]",2,[],0,[],0
Health Care Companies With Fewer Than 100 Employees (Top 10K),[Employees],1,[],0,[Fewer],1
Manufacturing Companies With More Than 100 Employees (Top 10K),"[Companies, Employees]",2,[Manufacturing],1,[More],1
Southern US Companies With More Than $10M in Revenue (Top 10K),[Companies],1,[],0,"[Southern, More]",2
Private Northeastern US Companies (Top 10K),[],0,[],0,[Private],1
Northeastern US Companies (Top 10K),[],0,[],0,[Northeastern],1
West Coast Companies With More Than $1M in Revenue (Top 10K),[],0,[],0,[More],1
Property Management Companies With Less Than $10M in Revenue (Top 10K),[Companies],1,[],0,[Less],1
Midwestern US Companies With Fewer Than 100 Employees (Top 10K),"[Companies, Employees]",2,[],0,"[Midwestern, Fewer]",2
Venture Capital Investors with Investments in Greater Los Angeles Area,[],0,[],0,[],0
Europe Companies (Top 10K),[],0,[],0,[],0
Venture Capital Investors with Investments in Greater Boston Area,[],0,[],0,[],0
Private Europe Companies (Top 10K),[],0,[],0,[],0
Medical Companies With Less Than $1B in Revenue (Top 10K),[1B],1,[],0,[Less],1
Medical Companies With Less Than $500M in Revenue (Top 10K),[],0,[],0,[Less],1
Consulting Companies With More Than 10 Employees (Top 10K),"[Companies, Employees]",2,[Consulting],1,[More],1
Great Lakes Companies With Fewer Than 100 Employees (Top 10K),[Employees],1,[],0,[Fewer],1
Northeastern US Companies With Fewer Than 1000 Employees (Top 10K),"[Companies, Employees]",2,[],0,"[Northeastern, Fewer]",2
Private Equity Firms with Investments in Northeastern US,[],0,[],0,[],0
Medical Companies With Less Than $50M in Revenue (Top 10K),[],0,[],0,[Less],1
West Coast Companies (Top 10K),[],0,[],0,[],0
Private West Coast Companies (Top 10K),[],0,[],0,[Private],1
Commercial Companies With More Than $1M in Revenue (Top 10K),[Companies],1,[],0,"[Commercial, More]",2
Western US Companies With Less Than $10M in Revenue (Top 10K),[Companies],1,[],0,"[Western, Less]",2
Private Equity Firms with Investments in East Coast,[],0,[],0,[],0
Western US Companies With Fewer Than 50 Employees (Top 10K),"[Companies, Employees]",2,[],0,"[Western, Fewer]",2
Great Lakes Companies With Less Than $10M in Revenue (Top 10K),[],0,[],0,[Less],1
Europe Companies With Fewer Than 1000 Employees (Top 10K),[Employees],1,[],0,[Fewer],1
Real Estate Companies With Fewer Than 50 Employees (Top 10K),[Employees],1,[],0,"[Real, Fewer]",2
Consulting Companies With Fewer Than 1000 Employees (Top 10K),"[Companies, Employees]",2,[Consulting],1,[Fewer],1
Northeastern US Companies With Less Than $1B in Revenue (Top 10K),"[Companies, 1B]",2,[],0,"[Northeastern, Less]",2
Northeastern US Companies With Less Than $500M in Revenue (Top 10K),[Companies],1,[],0,"[Northeastern, Less]",2
Medical Companies With Fewer Than 1000 Employees (Top 10K),[Employees],1,[],0,[Fewer],1
West Coast Companies With Fewer Than 1000 Employees (Top 10K),[Employees],1,[],0,[Fewer],1
Southern US Companies With More Than 100 Employees (Top 10K),"[Companies, Employees]",2,[],0,"[Southern, More]",2
Health Care Companies With Fewer Than 50 Employees (Top 10K),[Employees],1,[],0,[Fewer],1
United States Companies With Fewer Than 10 Employees (Top 10K),[Employees],1,[],0,[Fewer],1
West Coast Companies With More Than 10 Employees (Top 10K),[Employees],1,[],0,[More],1
East Coast Companies With More Than $10M in Revenue (Top 10K),[],0,[],0,[More],1
Midwestern US Companies With Less Than $10M in Revenue (Top 10K),[Companies],1,[],0,"[Midwestern, Less]",2
Consulting Companies (Top 10K),[],0,[],0,[],0
Industrial Companies With Less Than $10M in Revenue (Top 10K),[],0,[],0,[Less],1
Great Lakes Manufacturing Companies (Top 10K),[],0,[],0,[],0
Machinery Manufacturing Companies With More Than $1M in Revenue (Top 10K),"[Machinery, Companies]",2,[],0,[More],1
Medical Companies (Top 10K),[],0,[],0,[],0
West Coast Companies With Less Than $1B in Revenue (Top 10K),[1B],1,[],0,[Less],1
Product Design Companies With More Than $1M in Revenue (Top 10K),"[Product, Companies]",2,[],0,[More],1
Northeastern US Companies With Less Than $50M in Revenue (Top 10K),[Companies],1,[],0,"[Northeastern, Less]",2
West Coast Companies With Less Than $500M in Revenue (Top 10K),[],0,[],0,[Less],1
Medical Companies With Less Than $10M in Revenue (Top 10K),[],0,[],0,[Less],1
Residential Companies With Less Than $1B in Revenue (Top 10K),"[Companies, 1B]",2,[],0,"[Residential, Less]",2
"Private Equity Firms with Investments in Boston, Massachusetts",[],0,[],0,[],0
Residential Companies With Less Than $500M in Revenue (Top 10K),[Companies],1,[],0,"[Residential, Less]",2
Canada Manufacturing Companies,[Companies],1,[],0,[],0
Midwestern US Companies With Fewer Than 50 Employees (Top 10K),"[Companies, Employees]",2,[],0,"[Midwestern, Fewer]",2
"Venture Capital Investors with Investments in San Francisco, California",[],0,[],0,[],0
Residential Companies With Less Than $50M in Revenue (Top 10K),[Companies],1,[],0,"[Residential, Less]",2
Great Lakes Companies With Fewer Than 50 Employees (Top 10K),[Employees],1,[],0,[Fewer],1
Venture Capital Investors with Investments in Canada,[],0,[],0,[],0
Medical Companies With Fewer Than 100 Employees (Top 10K),[Employees],1,[],0,[Fewer],1
Europe Companies With More Than $1M in Revenue (Top 10K),[Companies],1,[],0,[More],1
Residential Companies (Top 10K),[],0,[],0,[Residential],1
Residential Companies With Fewer Than 1000 Employees (Top 10K),"[Companies, Employees]",2,[],0,"[Residential, Fewer]",2
West Coast Companies With Less Than $50M in Revenue (Top 10K),[],0,[],0,[Less],1
California Companies With More Than $1M in Revenue (Top 10K),[Companies],1,[],0,[More],1
East Coast Companies With More Than 100 Employees (Top 10K),[Employees],1,[],0,[More],1
Venture Capital Investors with Investments in Great Lakes,[],0,[],0,[],0
Consulting Companies With Less Than $1B in Revenue (Top 10K),"[Companies, 1B]",2,[Consulting],1,[Less],1
Florida Companies With More Than $1M in Revenue (Top 10K),[],0,[],0,[More],1
Florida Construction Companies,[],0,[],0,[],0
Private Equity Firms with Investments in United States,[],0,[],0,[],0
Consulting Companies With Less Than $500M in Revenue (Top 10K),[Companies],1,[Consulting],1,[Less],1
Commercial Companies With Less Than $500M in Revenue (Top 10K),[Companies],1,[],0,"[Commercial, Less]",2
Commercial Companies With Less Than $1B in Revenue (Top 10K),"[Companies, 1B]",2,[],0,"[Commercial, Less]",2
Construction Companies With More Than $1M in Revenue (Top 10K),"[Construction, Companies]",2,[],0,[More],1
California Companies (Top 10K),[],0,[],0,[],0
Private California Companies (Top 10K),[],0,[],0,[Private],1
Industrial Companies With Fewer Than 50 Employees (Top 10K),[Employees],1,[],0,[Fewer],1
Venture Capital Investors with Investments in England,[],0,[],0,[],0
Product Design Companies With More Than 10 Employees (Top 10K),"[Product, Companies, Employees]",3,[],0,[More],1
Medical Companies With More Than 10 Employees (Top 10K),[Employees],1,[],0,[More],1
Private Equity Firms with Investments in Western US,[Investments],1,[],0,[],0
Consulting Companies With Less Than $50M in Revenue (Top 10K),[Companies],1,[Consulting],1,[Less],1
Residential Companies With Fewer Than 100 Employees (Top 10K),"[Companies, Employees]",2,[],0,"[Residential, Fewer]",2
Medical Companies With Fewer Than 50 Employees (Top 10K),[Employees],1,[],0,[Fewer],1
"Venture Capital Investors with Investments in London, England",[],0,[],0,[],0
Companies With More Than $50M in Revenue (Top 10K),[Companies],1,[],0,[More],1
Southern US Health Care Companies (Top 10K),[],0,[],0,[Southern],1
Asia Companies Founded in the Last Year,"[Companies, Year]",2,[Founded],1,[Last],1
Machinery Manufacturing Companies With Less Than $1B in Revenue (Top 10K),"[Machinery, Companies, 1B]",3,[],0,[Less],1
Midwestern US Companies With More Than 50 Employees (Top 10K),"[Companies, Employees]",2,[],0,"[Midwestern, More]",2
Residential Companies With More Than 10 Employees (Top 10K),"[Companies, Employees]",2,[],0,"[Residential, More]",2
Commercial Companies With Less Than $50M in Revenue (Top 10K),[Companies],1,[],0,"[Commercial, Less]",2
Machinery Manufacturing Companies With Less Than $500M in Revenue (Top 10K),"[Machinery, Companies]",2,[],0,[Less],1
"Venture Capital Investors with Investments in San Mateo, California",[],0,[],0,[],0
Great Lakes Companies With More Than 50 Employees (Top 10K),[Employees],1,[],0,[More],1
Machinery Manufacturing Companies With Less Than $50M in Revenue (Top 10K),"[Machinery, Companies]",2,[],0,[Less],1
Northeastern US Companies With Fewer Than 100 Employees (Top 10K),"[Companies, Employees]",2,[],0,"[Northeastern, Fewer]",2
California Companies With Fewer Than 1000 Employees (Top 10K),[Employees],1,[],0,[Fewer],1
Consulting Companies With Fewer Than 100 Employees (Top 10K),"[Companies, Employees]",2,[Consulting],1,[Fewer],1
United States Construction Companies (Top 10K),[],0,[],0,[],0
Dental Companies With Less Than $50M in Revenue,"[Companies, Revenue]",2,[],0,"[Dental, Less]",2
Dental Companies With Less Than $500M in Revenue,"[Companies, Revenue]",2,[],0,"[Dental, Less]",2
Dental Companies With Less Than $1B in Revenue,"[Companies, 1B, Revenue]",3,[],0,"[Dental, Less]",2
Dental Companies With Less Than $10M in Revenue,"[Companies, Revenue]",2,[],0,"[Dental, Less]",2
West Coast Companies With Fewer Than 100 Employees (Top 10K),[Employees],1,[],0,[Fewer],1
United States Consulting Companies (Top 10K),[],0,[],0,[],0
California Companies With More Than 10 Employees (Top 10K),"[Companies, Employees]",2,[],0,[More],1
Midwestern US Manufacturing Companies (Top 10K),[],0,[],0,[Midwestern],1
Europe Companies With Fewer Than 100 Employees (Top 10K),[Employees],1,[],0,[Fewer],1
Residential Companies With Less Than $10M in Revenue (Top 10K),[Companies],1,[],0,"[Residential, Less]",2
Companies With More Than 500 Employees (Top 10K),"[Companies, Employees]",2,[],0,[More],1
Wellness Companies With More Than $1M in Revenue (Top 10K),[Companies],1,[],0,[More],1
Europe Companies With More Than 50 Employees (Top 10K),"[Companies, Employees]",2,[],0,[More],1
Asia-Pacific (APAC) Companies (Top 10K),[Companies],1,[],0,[],0
Private Equity Firms with Investments in West Coast,[],0,[],0,[],0
United States Residential Companies (Top 10K),[],0,[],0,[],0
Private Florida Companies (Top 10K),[],0,[],0,[Private],1
Machinery Manufacturing Companies With More Than 10 Employees (Top 10K),"[Machinery, Companies, Employees]",3,[],0,[More],1
Florida Companies (Top 10K),[],0,[],0,[],0
Florida Companies With More Than 10 Employees (Top 10K),[Employees],1,[],0,[More],1
California Companies With Less Than $1B in Revenue (Top 10K),[1B],1,[],0,[Less],1
Commercial Companies With More Than 10 Employees (Top 10K),"[Companies, Employees]",2,[],0,"[Commercial, More]",2
California Companies With Less Than $500M in Revenue (Top 10K),[],0,[],0,[Less],1
Private Equity Firms with Investments in Southern US,[],0,[],0,[],0
Construction Companies With More Than 10 Employees (Top 10K),"[Construction, Companies, Employees]",3,[],0,[More],1
Commercial Companies With Fewer Than 1000 Employees (Top 10K),"[Companies, Employees]",2,[],0,"[Commercial, Fewer]",2
Great Lakes Companies With More Than $10M in Revenue (Top 10K),[],0,[],0,[More],1
Private Equity Firms with Investments in California,[],0,[],0,[],0
Private Asia-Pacific (APAC) Companies (Top 10K),[Companies],1,[],0,[Private],1
"Venture Capital Investors with Investments in Cambridge, Massachusetts",[],0,[],0,[],0
Dental Companies With Fewer Than 50 Employees (Top 10K),"[Companies, Employees]",2,[],0,"[Dental, Fewer]",2
Dental Companies With Fewer Than 100 Employees (Top 10K),"[Companies, Employees]",2,[],0,"[Dental, Fewer]",2
Wholesale Companies With More Than $1M in Revenue (Top 10K),[],0,[],0,[More],1
Residential Companies With Fewer Than 50 Employees (Top 10K),"[Companies, Employees]",2,[],0,"[Residential, Fewer]",2
Private Equity Firms with Investments in Greater New York Area,[Investments],1,[],0,[],0
Construction Companies With Less Than $1B in Revenue (Top 10K),"[Construction, Companies, 1B]",3,[],0,[Less],1
Florida Companies With Fewer Than 1000 Employees (Top 10K),[Employees],1,[],0,[Fewer],1
Texas Companies With More Than $1M in Revenue (Top 10K),[],0,[],0,[More],1
Dental Companies With Fewer Than 1000 Employees (Top 10K),"[Companies, Employees]",2,[],0,"[Dental, Fewer]",2
California Companies With Less Than $50M in Revenue (Top 10K),[],0,[],0,[Less],1
Consulting Companies With Fewer Than 50 Employees (Top 10K),"[Companies, Employees]",2,[Consulting],1,[Fewer],1
Machinery Manufacturing Companies With Fewer Than 1000 Employees (Top 10K),"[Machinery, Companies, Employees]",3,[],0,[Fewer],1
Private Equity Firms with Investments in Greater Seattle Area,[Investments],1,[],0,[],0
Construction Companies With Less Than $500M in Revenue (Top 10K),"[Construction, Companies]",2,[],0,[Less],1
Western US Companies With More Than 50 Employees (Top 10K),"[Companies, Employees]",2,[],0,"[Western, More]",2
Private Equity Firms with Investments in Great Lakes,[Investments],1,[],0,[],0
Europe Companies With Less Than $1B in Revenue (Top 10K),[1B],1,[],0,[Less],1
Commercial Companies (Top 10K),[],0,[],0,[Commercial],1
United States Dental Companies (Top 10K),[],0,[],0,[],0
Europe Companies With Less Than $500M in Revenue (Top 10K),[],0,[],0,[Less],1
Florida Companies With Less Than $500M in Revenue (Top 10K),[],0,[],0,[Less],1
West Coast Companies With Fewer Than 50 Employees (Top 10K),[Employees],1,[],0,[Fewer],1
Florida Companies With Less Than $1B in Revenue (Top 10K),[1B],1,[],0,[Less],1
Private Equity Firms with Investments in San Francisco Bay Area,[Area],1,[],0,[],0
Western US Manufacturing Companies (Top 10K),[],0,[],0,[Western],1
Venture Capital Investors with Investments in Asia,[],0,[],0,[],0
Private Equity Firms with Investments in Washington,[],0,[],0,[],0
Northeastern US Companies With Fewer Than 50 Employees (Top 10K),"[Companies, Employees]",2,[],0,"[Northeastern, Fewer]",2
West Coast Companies With Less Than $10M in Revenue (Top 10K),[],0,[],0,[Less],1
Venture Capital Investors with Investments in Germany,[],0,[],0,[],0
Southern US Medical Companies (Top 10K),[],0,[],0,[Southern],1
Canada Companies With More Than $1M in Revenue (Top 10K),[Companies],1,[],0,[More],1
Construction Companies (Top 10K),[Construction],1,[],0,[],0
Midwestern US Companies With More Than $10M in Revenue (Top 10K),[Companies],1,[],0,"[Midwestern, More]",2
Europe Companies With Fewer Than 50 Employees (Top 10K),[Employees],1,[],0,[Fewer],1
European Union (EU) Web Apps Companies,"[Web, Companies]",2,[],0,[],0
European Union (EU) Companies With More Than 10 Employees (Top 10K),"[Companies, Employees]",2,[],0,[More],1
Therapeutics Companies With More Than $1M in Revenue,"[Therapeutics, Companies, Revenue]",3,[],0,[More],1
Southern US Real Estate Companies (Top 10K),[],0,[],0,[Southern],1
Machinery Manufacturing Companies (Top 10K),[],0,[],0,[],0
Construction Companies With Fewer Than 1000 Employees (Top 10K),"[Construction, Companies, Employees]",3,[],0,[Fewer],1
Asia-Pacific (APAC) Companies Founded in the Last Year,"[Companies, Year]",2,[Founded],1,[Last],1
"Venture Capital Investors with Investments in San Diego, California",[],0,[],0,[],0
East Coast Health Care Companies (Top 10K),[],0,[],0,[],0
Northeastern US Companies With Less Than $10M in Revenue (Top 10K),[Companies],1,[],0,"[Northeastern, Less]",2
Asia Companies (Top 10K),[],0,[],0,[],0
Asia-Pacific (APAC) Companies With Fewer Than 1000 Employees (Top 10K),"[Companies, Employees]",2,[],0,[Fewer],1
"Venture Capital Investors with Investments in Palo Alto, California",[],0,[],0,[],0
United States Commercial Companies (Top 10K),[],0,[],0,[],0
Georgia Companies With More Than $1M in Revenue (Top 10K),[Companies],1,[],0,[More],1
Florida Companies With Less Than $50M in Revenue (Top 10K),[],0,[],0,[Less],1
Venture Capital Investors with Investments in Greater San Diego Area,[Area],1,[],0,[],0
Commercial Companies With Fewer Than 100 Employees (Top 10K),"[Companies, Employees]",2,[],0,"[Commercial, Fewer]",2
Consulting Companies With Less Than $10M in Revenue (Top 10K),[Companies],1,[Consulting],1,[Less],1
Product Design Companies With Less Than $1B in Revenue (Top 10K),"[Product, Companies, 1B]",3,[],0,[Less],1
California Companies With Fewer Than 100 Employees (Top 10K),[Employees],1,[],0,[Fewer],1
European Union (EU) Companies (Top 10K),[Companies],1,[],0,[],0
Private European Union (EU) Companies (Top 10K),[Companies],1,[],0,[Private],1
Product Design Companies With Less Than $500M in Revenue (Top 10K),"[Product, Companies]",2,[],0,[Less],1
United Kingdom Companies (Top 10K),[],0,[],0,[],0
Construction Companies With Less Than $50M in Revenue (Top 10K),"[Construction, Companies]",2,[],0,[Less],1
Private Equity Firms with Investments in Greater Los Angeles Area,[Investments],1,[],0,[],0
Private Equity Firms with Investments in Midwestern US,[],0,[],0,[],0
Private United Kingdom Companies (Top 10K),[],0,[],0,[Private],1
Europe Companies With Less Than $50M in Revenue (Top 10K),[],0,[],0,[Less],1
Commercial Companies With Less Than $10M in Revenue (Top 10K),[Companies],1,[],0,"[Commercial, Less]",2
Private Equity Firms with Investments in New York,[],0,[],0,[],0
Greater Atlanta Area Manufacturing Companies,[Companies],1,[],0,[],0
Asia-Pacific (APAC) Companies With More Than 10 Employees (Top 10K),"[Companies, Employees]",2,[],0,[More],1
United Kingdom Companies With More Than $1M in Revenue (Top 10K),[],0,[],0,[More],1
Product Design Companies With Fewer Than 1000 Employees (Top 10K),"[Product, Companies, Employees]",3,[],0,[Fewer],1
"Venture Capital Investors with Investments in Los Angeles, California",[],0,[],0,[],0
Private Asia Companies (Top 10K),[],0,[],0,[Private],1
Industrial Companies With More Than 50 Employees (Top 10K),[Employees],1,[],0,[More],1
"Private Equity Firms with Investments in San Mateo, California",[],0,[],0,[],0
United Kingdom Companies With Fewer Than 1000 Employees (Top 10K),[Employees],1,[],0,[Fewer],1
"Private Equity Firms with Investments in San Francisco, California",[],0,[],0,[],0
Dental Companies (Top 10K),[],0,[],0,[Dental],1
Product Design Companies With Less Than $50M in Revenue (Top 10K),"[Product, Companies]",2,[],0,[Less],1
Texas Companies With More Than 10 Employees (Top 10K),[Employees],1,[],0,[More],1
Product Design Companies (Top 10K),[Product],1,[],0,[],0
Great Lakes Companies With More Than 100 Employees (Top 10K),[Employees],1,[],0,[More],1
European Union (EU) Companies With Fewer Than 1000 Employees (Top 10K),"[Companies, Employees]",2,[],0,[Fewer],1
Industrial Companies With More Than $10M in Revenue (Top 10K),[],0,[],0,[More],1
United Kingdom Companies With More Than 10 Employees (Top 10K),[Employees],1,[],0,[More],1
Machinery Manufacturing Companies With Fewer Than 100 Employees (Top 10K),"[Machinery, Companies, Employees]",3,[],0,[Fewer],1
Information Technology Companies (Top 10K),[],0,[],0,[],0
Private Texas Companies (Top 10K),[],0,[],0,[Private],1
Texas Companies (Top 10K),[],0,[],0,[],0
Midwestern US Companies With More Than 100 Employees (Top 10K),"[Companies, Employees]",2,[],0,"[Midwestern, More]",2
Northeastern US Companies With More Than 50 Employees (Top 10K),"[Companies, Employees]",2,[],0,"[Northeastern, More]",2
Venture Capital Investors with Investments in Scandinavia,[],0,[],0,[],0
United States Wholesale Companies,[],0,[],0,[],0
Venture Capital Investors with Investments in Nordic Countries,[],0,[],0,[Nordic],1
Texas Companies With Less Than $500M in Revenue (Top 10K),[],0,[],0,[Less],1
"Private Equity Firms with Investments in New York, New York",[],0,[],0,[],0
Health Care Companies With More Than 50 Employees (Top 10K),"[Companies, Employees]",2,[],0,[More],1
Venture Capital Investors with Investments in Midwestern US,[],0,[],0,[],0
Texas Companies With Less Than $1B in Revenue (Top 10K),[1B],1,[],0,[Less],1
Venture Capital Investors with Investments in British Columbia,[],0,[],0,[],0
United States Machinery Manufacturing Companies,[Companies],1,[],0,[],0
East Coast Construction Companies (Top 10K),[],0,[],0,[],0
Texas Companies With Fewer Than 1000 Employees (Top 10K),[Employees],1,[],0,[Fewer],1
Real Estate Companies With More Than 50 Employees (Top 10K),"[Companies, Employees]",2,[],0,"[Real, More]",2
"Venture Capital Investors with Investments in Berlin, Berlin",[],0,[],0,[],0
Wholesale Companies With More Than 10 Employees (Top 10K),[Employees],1,[],0,[More],1
Information Technology Companies With Fewer Than 1000 Employees (Top 10K),"[Companies, Employees]",2,[],0,[Fewer],1
California Companies With Fewer Than 50 Employees (Top 10K),[Employees],1,[],0,[Fewer],1
Greater Los Angeles Area Companies With More Than $1M in Revenue (Top 10K),[Companies],1,[],0,[More],1
United States Wellness Companies (Top 10K),[],0,[],0,[],0
Europe Companies With More Than 100 Employees (Top 10K),"[Companies, Employees]",2,[],0,[More],1
California Companies With Less Than $10M in Revenue (Top 10K),[],0,[],0,[Less],1
Western US Companies With More Than $10M in Revenue (Top 10K),[Companies],1,[],0,"[Western, More]",2
Venture Capital Investors with Investments in Berlin,[],0,[],0,[],0
Wholesale Companies With Less Than $500M in Revenue (Top 10K),[],0,[],0,[Less],1
Wellness Companies With Less Than $500M in Revenue (Top 10K),[Companies],1,[],0,[Less],1
Venture Capital Investors with Investments in Greater Seattle Area,[],0,[],0,[],0
Wholesale Companies With Less Than $1B in Revenue (Top 10K),[1B],1,[],0,[Less],1
Asia-Pacific (APAC) Companies With More Than $1M in Revenue (Top 10K),[Companies],1,[],0,[More],1
Wellness Companies With Less Than $1B in Revenue (Top 10K),"[Companies, 1B]",2,[],0,[Less],1
Seed Stage Companies Founded in the Last Year,"[Companies, Year]",2,[Founded],1,[Last],1
Texas Companies With Less Than $50M in Revenue (Top 10K),[],0,[],0,[Less],1
Venture Capital Investors with Investments in Asia-Pacific (APAC),[],0,[],0,[],0
"Venture Capital Investors with Investments in Boston, Massachusetts",[],0,[],0,[],0
East Coast Real Estate Companies (Top 10K),[],0,[],0,[],0
Wellness Companies With Less Than $50M in Revenue (Top 10K),[Companies],1,[],0,[Less],1
Asia Companies With More Than 10 Employees (Top 10K),"[Companies, Employees]",2,[],0,[More],1
Florida Companies With Fewer Than 100 Employees (Top 10K),[Employees],1,[],0,[Fewer],1
Asia Companies With Fewer Than 1000 Employees (Top 10K),[Employees],1,[],0,[Fewer],1
Machinery Manufacturing Companies With Less Than $10M in Revenue,"[Machinery, Companies, Revenue]",3,[],0,[Less],1
Southern US Construction Companies (Top 10K),[],0,[],0,[Southern],1
Commercial Companies With Fewer Than 50 Employees (Top 10K),"[Companies, Employees]",2,[],0,"[Commercial, Fewer]",2
Northeastern US Manufacturing Companies (Top 10K),[],0,[],0,[Northeastern],1
Software Companies (Top 10K),[],0,[],0,[],0
Wholesale Companies (Top 10K),[],0,[],0,[],0
Asia Startups Founded in 2022,[],0,[Founded],1,[],0
United Kingdom Companies With Fewer Than 100 Employees (Top 10K),[Employees],1,[],0,[Fewer],1
Greater Los Angeles Area Companies (Top 10K),[],0,[],0,[],0
Private Greater Los Angeles Area Companies (Top 10K),[],0,[],0,[],0
United States Companies With More Than $50M in Revenue (Top 10K),[],0,[],0,[More],1
Dental Companies With More Than 10 Employees,"[Companies, Employees]",2,[],0,"[Dental, More]",2
United Kingdom Companies With Less Than $1B in Revenue (Top 10K),[1B],1,[],0,[Less],1
United Kingdom Companies With Less Than $500M in Revenue (Top 10K),[],0,[],0,[Less],1
Consulting Companies With More Than 50 Employees (Top 10K),"[Companies, Employees]",2,[Consulting],1,[More],1
Wellness Companies (Top 10K),[],0,[],0,[],0
Canada Companies With Less Than $500M in Revenue (Top 10K),[],0,[],0,[Less],1
Venture Capital Investors with Investments in Washington,[],0,[],0,[],0
Canada Companies With Less Than $1B in Revenue (Top 10K),[1B],1,[],0,[Less],1
Venture Capital Investors with Investments in Texas,[],0,[],0,[],0
Information Technology Companies With More Than 10 Employees (Top 10K),"[Companies, Employees]",2,[],0,[More],1
Western US Companies With More Than 100 Employees (Top 10K),"[Companies, Employees]",2,[],0,"[Western, More]",2
Great Lakes Industrial Companies,[],0,[],0,[],0
Private Equity Firms with Investments in Canada,[],0,[],0,[],0
East Coast Medical Companies (Top 10K),[],0,[],0,[],0
Investment Banks with Investments in Canada,[Investment],1,[],0,[],0
European Union (EU) Companies With More Than 50 Employees (Top 10K),"[Companies, Employees]",2,[],0,[More],1
Wholesale Companies With Fewer Than 1000 Employees (Top 10K),[Employees],1,[],0,[Fewer],1
Retail Companies With More Than $1M in Revenue (Top 10K),[],0,[],0,[More],1
Florida Companies With Less Than $10M in Revenue (Top 10K),[],0,[],0,[Less],1
Private Greater New York Area Companies (Top 10K),[],0,[],0,[],0
Greater New York Area Companies (Top 10K),[],0,[],0,[],0
Wellness Companies With Fewer Than 1000 Employees (Top 10K),"[Companies, Employees]",2,[],0,[Fewer],1
Southern US Property Management Companies,[Companies],1,[],0,[Southern],1
Financial Services Companies (Top 10K),[],0,[],0,[],0
Financial Services Companies With Fewer Than 1000 Employees (Top 10K),[Employees],1,[],0,[Fewer],1
Financial Services Companies With More Than $1M in Revenue (Top 10K),[],0,[],0,[More],1
Europe Companies With Less Than $10M in Revenue (Top 10K),[],0,[],0,[Less],1
Canada Companies With Less Than $50M in Revenue (Top 10K),[],0,[],0,[Less],1
Software Companies With Fewer Than 1000 Employees (Top 10K),[Employees],1,[],0,[Fewer],1
Greater New York Area Companies With More Than 10 Employees (Top 10K),"[Companies, Employees]",2,[],0,[More],1
Greater Los Angeles Area Companies With More Than 10 Employees (Top 10K),"[Companies, Employees]",2,[],0,[More],1
Wholesale Companies With Less Than $50M in Revenue (Top 10K),[],0,[],0,[Less],1
Asia-Pacific (APAC) Companies With Fewer Than 100 Employees (Top 10K),"[Companies, Employees]",2,[],0,[Fewer],1
West Coast Companies With More Than 50 Employees (Top 10K),[Employees],1,[],0,[More],1
Northeastern US Companies With More Than $10M in Revenue (Top 10K),[Companies],1,[],0,"[Northeastern, More]",2
United States Product Design Companies (Top 10K),[],0,[],0,[],0
Greater Los Angeles Area Companies With Fewer Than 1000 Employees (Top 10K),"[Companies, Employees]",2,[],0,[Fewer],1
United Kingdom Companies With Less Than $50M in Revenue (Top 10K),[],0,[],0,[Less],1
Financial Services Companies With More Than 10 Employees (Top 10K),[Employees],1,[],0,[More],1
Florida Companies With Fewer Than 50 Employees (Top 10K),[Employees],1,[],0,[Fewer],1
Product Design Companies With Fewer Than 100 Employees (Top 10K),"[Product, Companies, Employees]",3,[],0,[Fewer],1
Private New York Companies (Top 10K),[],0,[],0,[],0
New York Companies (Top 10K),[],0,[],0,[],0
"Venture Capital Investors with Investments in Vancouver, British Columbia",[],0,[],0,[],0
Greater New York Area Companies With Fewer Than 1000 Employees (Top 10K),"[Companies, Employees]",2,[],0,[Fewer],1
European Union (EU) Companies With More Than $1M in Revenue (Top 10K),[Companies],1,[],0,[More],1
Georgia Companies With Less Than $1B in Revenue (Top 10K),[1B],1,[],0,[Less],1
Commercial Real Estate Companies With More Than $1M in Revenue,"[Companies, Revenue]",2,[],0,"[Commercial, More]",2
Asia-Pacific (APAC) Companies With Less Than $1B in Revenue (Top 10K),"[Companies, 1B]",2,[],0,[Less],1
Georgia Companies With More Than 10 Employees (Top 10K),"[Companies, Employees]",2,[],0,[More],1
New York Companies With More Than 10 Employees (Top 10K),[Employees],1,[],0,[More],1
India Companies Founded in the Last Year,"[Companies, Year]",2,[Founded],1,[Last],1
Information Technology Companies With Fewer Than 100 Employees (Top 10K),"[Companies, Employees]",2,[],0,[Fewer],1
Georgia Companies With Less Than $500M in Revenue (Top 10K),[],0,[],0,[Less],1
Western US Health Care Companies (Top 10K),[],0,[],0,[Western],1
Wellness Companies With Less Than $10M in Revenue (Top 10K),[Companies],1,[],0,[Less],1
Europe Manufacturing Companies (Top 10K),[],0,[],0,[],0
Europe Companies With More Than $10M in Revenue (Top 10K),[Companies],1,[],0,[More],1
Greater Los Angeles Area Companies With Less Than $1B in Revenue (Top 10K),"[Companies, 1B]",2,[],0,[Less],1
United Kingdom Companies With Fewer Than 50 Employees (Top 10K),[Employees],1,[],0,[Fewer],1
Wellness Companies With More Than 10 Employees (Top 10K),"[Companies, Employees]",2,[],0,[More],1
Greater Los Angeles Area Companies With Less Than $500M in Revenue (Top 10K),[Companies],1,[],0,[Less],1
Construction Companies With Fewer Than 100 Employees (Top 10K),"[Construction, Companies, Employees]",3,[],0,[Fewer],1
Asia-Pacific (APAC) Companies With Less Than $500M in Revenue (Top 10K),[Companies],1,[],0,[Less],1
European Union (EU) Companies With Fewer Than 100 Employees (Top 10K),"[Companies, Employees]",2,[],0,[Fewer],1
Venture Capital Investors with Investments in Ontario,[],0,[],0,[],0
Greater New York Area Companies With More Than $1M in Revenue (Top 10K),[Companies],1,[],0,[More],1
Private Equity Firms with Investments in New Jersey,[],0,[],0,[],0
Southern US Companies With Fewer Than 10 Employees (Top 10K),"[Companies, Employees]",2,[],0,"[Southern, Fewer]",2
New York Companies With Fewer Than 1000 Employees (Top 10K),[Employees],1,[],0,[Fewer],1
Industrial Manufacturing Companies With More Than $1M in Revenue,"[Companies, Revenue]",2,[],0,[More],1
Therapeutics Companies With Less Than $1B in Revenue,"[Therapeutics, Companies, 1B, Revenue]",4,[],0,[Less],1
Therapeutics Companies With Less Than $500M in Revenue,"[Therapeutics, Companies, Revenue]",3,[],0,[Less],1
Therapeutics Companies With Less Than $50M in Revenue,"[Therapeutics, Companies, Revenue]",3,[],0,[Less],1
Building Material Companies With More Than $1M in Revenue (Top 10K),[],0,[Building],1,[More],1
Non Profit Companies (Top 10K),[],0,[],0,[],0
Private Equity Firms with Investments in Silicon Valley,[],0,[],0,[],0
Non Profit Companies With More Than 10 Employees (Top 10K),[Employees],1,[],0,[More],1
New York Companies With More Than $1M in Revenue (Top 10K),[],0,[],0,[More],1
Private Equity Firms with Investments in Florida,[],0,[],0,[],0
Retail Companies With More Than 10 Employees (Top 10K),[Employees],1,[],0,[More],1
Real Estate Companies With More Than $10M in Revenue (Top 10K),[Companies],1,[],0,"[Real, More]",2
Greater Los Angeles Area Companies With Less Than $50M in Revenue (Top 10K),[Companies],1,[],0,[Less],1
Asia-Pacific (APAC) Companies With More Than 50 Employees (Top 10K),"[Companies, Employees]",2,[],0,[More],1
Product Design Companies With Less Than $10M in Revenue (Top 10K),"[Product, Companies]",2,[],0,[Less],1
United States Therapeutics Companies (Top 10K),[],0,[],0,[],0
Georgia Companies With Less Than $50M in Revenue (Top 10K),[],0,[],0,[Less],1
Software Companies With Fewer Than 100 Employees (Top 10K),[Employees],1,[],0,[Fewer],1
Texas Companies With Fewer Than 100 Employees (Top 10K),[Employees],1,[],0,[Fewer],1
Companies With More Than 1000 Employees (Top 10K),"[Companies, Employees]",2,[],0,[More],1
Leasing Companies With More Than $1M in Revenue,"[Companies, Revenue]",2,[Leasing],1,[More],1
Non Profit Companies With Fewer Than 1000 Employees (Top 10K),[Employees],1,[],0,[Fewer],1
Asia Companies With More Than 50 Employees (Top 10K),"[Companies, Employees]",2,[],0,[More],1
Health Care Companies With More Than 100 Employees (Top 10K),"[Companies, Employees]",2,[],0,[More],1
Private Georgia Companies (Top 10K),[],0,[],0,[Private],1
Georgia Companies (Top 10K),[],0,[],0,[],0
Wellness Companies With Fewer Than 100 Employees (Top 10K),"[Companies, Employees]",2,[],0,[Fewer],1
Industrial Manufacturing Companies With Less Than $1B in Revenue (Top 10K),[1B],1,[],0,[Less],1
Northeastern US Companies With More Than 100 Employees (Top 10K),"[Companies, Employees]",2,[],0,"[Northeastern, More]",2
Construction Companies With More Than 50 Employees (Top 10K),"[Construction, Companies, Employees]",3,[],0,[More],1
Greater Atlanta Area Companies With More Than $1M in Revenue,"[Companies, Revenue]",2,[],0,[More],1
Asia-Pacific (APAC) Companies With Fewer Than 50 Employees (Top 10K),"[Companies, Employees]",2,[],0,[Fewer],1
East Coast Companies With Fewer Than 10 Employees (Top 10K),[Employees],1,[],0,[Fewer],1
"Private Equity Firms with Investments in Vancouver, British Columbia",[],0,[],0,[],0
Georgia Companies With Fewer Than 1000 Employees (Top 10K),[Employees],1,[],0,[Fewer],1
Retail Companies (Top 10K),[],0,[],0,[],0
East Coast Property Management Companies,[Companies],1,[],0,[],0
Information Technology Companies With Fewer Than 50 Employees (Top 10K),"[Companies, Employees]",2,[],0,[Fewer],1
Real Estate Companies With More Than 100 Employees (Top 10K),"[Companies, Employees]",2,[],0,"[Real, More]",2
Therapeutics Companies With Fewer Than 1000 Employees (Top 10K),"[Therapeutics, Companies, Employees]",3,[],0,[Fewer],1
Companies With More Than $100M in Revenue (Top 10K),[Companies],1,[],0,[More],1
Industrial Manufacturing Companies With Less Than $500M in Revenue (Top 10K),[],0,[],0,[Less],1
Building Material Companies With More Than 10 Employees (Top 10K),[Employees],1,[Building],1,[More],1
West Coast Manufacturing Companies (Top 10K),[],0,[],0,[],0
Southern US Residential Companies,[Companies],1,[],0,"[Southern, Residential]",2
Texas Companies With Less Than $10M in Revenue (Top 10K),[],0,[],0,[Less],1
Private Equity Firms with Investments in Colorado,[],0,[],0,[],0
Southern US Industrial Companies,[],0,[],0,[Southern],1
Machinery Manufacturing Companies With Fewer Than 50 Employees (Top 10K),"[Machinery, Companies, Employees]",3,[],0,[Fewer],1
Greater New York Area Companies With Less Than $1B in Revenue (Top 10K),"[Companies, 1B]",2,[],0,[Less],1
Greater New York Area Companies With Less Than $500M in Revenue (Top 10K),[Companies],1,[],0,[Less],1
Building Material Companies With Less Than $1B in Revenue (Top 10K),[1B],1,[Building],1,[Less],1
"Venture Capital Investors with Investments in Menlo Park, California",[],0,[],0,[],0
Information Technology Companies With More Than $1M in Revenue (Top 10K),[Companies],1,[],0,[More],1
Asia Companies With More Than $1M in Revenue (Top 10K),[Companies],1,[],0,[More],1
Building Material Companies With Less Than $500M in Revenue (Top 10K),[],0,[Building],1,[Less],1
East Coast Industrial Companies,[],0,[],0,[],0
Private New England Companies (Top 10K),[],0,[],0,[],0
Therapeutics Companies With Less Than $10M in Revenue,"[Therapeutics, Companies, Revenue]",3,[],0,[Less],1
New England Companies (Top 10K),[],0,[],0,[],0
"Venture Capital Investors with Investments in Seattle, Washington",[],0,[],0,[],0
Therapeutics Companies With More Than 10 Employees,"[Therapeutics, Companies, Employees]",3,[],0,[More],1
European Union (EU) Companies With Less Than $1B in Revenue (Top 10K),"[Companies, 1B]",2,[],0,[Less],1
New England Companies With More Than $1M in Revenue (Top 10K),[],0,[],0,[More],1
Building Material Companies With Fewer Than 1000 Employees (Top 10K),[Employees],1,[Building],1,[Fewer],1
Personal Health Companies With More Than $1M in Revenue,[Revenue],1,[],0,[More],1
European Union (EU) Companies With Less Than $500M in Revenue (Top 10K),[Companies],1,[],0,[Less],1
New York Companies With Less Than $1B in Revenue (Top 10K),[1B],1,[],0,[Less],1
Canada Companies With More Than 10 Employees (Top 10K),"[Companies, Employees]",2,[],0,[More],1
"Venture Capital Investors with Investments in Mountain View, California",[],0,[],0,[],0
New York Companies With Less Than $500M in Revenue (Top 10K),[],0,[],0,[Less],1
Private Equity Firms with Investments in Greater Denver Area,[Investments],1,[],0,[],0
Commercial Real Estate Companies With Less Than $1B in Revenue,"[1B, Revenue]",2,[],0,"[Commercial, Less]",2
Commercial Real Estate Companies With Less Than $500M in Revenue,[Revenue],1,[],0,"[Commercial, Less]",2
United States Building Material Companies (Top 10K),[],0,[],0,[],0
Commercial Real Estate Companies With Less Than $50M in Revenue,[Revenue],1,[],0,"[Commercial, Less]",2
Industrial Manufacturing Companies With Less Than $50M in Revenue,[Revenue],1,[],0,[Less],1
Private Equity Firms with Investments in North Carolina,[],0,[],0,[],0
Construction Companies With Less Than $10M in Revenue (Top 10K),"[Construction, Companies]",2,[],0,[Less],1
European Union (EU) Companies With Fewer Than 50 Employees (Top 10K),"[Companies, Employees]",2,[],0,[Fewer],1
Software Companies With More Than 10 Employees (Top 10K),[Employees],1,[],0,[More],1
Software Companies With Fewer Than 50 Employees (Top 10K),[Employees],1,[],0,[Fewer],1
California Companies With More Than 50 Employees (Top 10K),"[Companies, Employees]",2,[],0,[More],1
Western US Real Estate Companies (Top 10K),[],0,[],0,[Western],1
Companies With Less Than $1M in Revenue (Top 10K),[Companies],1,[],0,[Less],1
Asia-Pacific (APAC) Companies With Less Than $50M in Revenue (Top 10K),[Companies],1,[],0,[Less],1
Venture Capital Investors with Investments in Association of Southeast Asian Nations (ASEAN),[],0,[],0,[],0
Venture Capital Investors with Investments in Southeast Asia,[],0,[],0,[],0
Financial Services Companies With Fewer Than 100 Employees (Top 10K),[Employees],1,[],0,[Fewer],1
United States Non Profit Companies (Top 10K),[],0,[],0,[],0
Non Profit Companies With More Than $1M in Revenue (Top 10K),[],0,[],0,[More],1
Southern US Consulting Companies (Top 10K),[],0,[],0,[Southern],1
Greater New York Area Companies With Less Than $50M in Revenue (Top 10K),[Companies],1,[],0,[Less],1
Illinois Companies With More Than $1M in Revenue (Top 10K),[Companies],1,[],0,[More],1
Venture Capital Investors with Investments in Singapore,[],0,[],0,[],0
Midwestern US Health Care Companies (Top 10K),[],0,[],0,[Midwestern],1
Venture Capital Investors with Investments in New Jersey,[],0,[],0,[],0
Building Material Companies (Top 10K),[],0,[Building],1,[],0
Financial Services Companies With Less Than $1B in Revenue (Top 10K),[1B],1,[],0,[Less],1
Commercial Real Estate Companies (Top 10K),[],0,[],0,[Commercial],1
Private Canada Companies (Top 10K),[],0,[],0,[Private],1
Financial Services Companies With Less Than $500M in Revenue (Top 10K),[],0,[],0,[Less],1
New England Companies With More Than 10 Employees (Top 10K),[Employees],1,[],0,[More],1
Therapeutics Companies (Top 10K),[],0,[],0,[],0
Western US Companies With Fewer Than 10 Employees (Top 10K),"[Companies, Employees]",2,[],0,"[Western, Fewer]",2
Canada Companies (Top 10K),[],0,[],0,[],0
Wholesale Companies With Fewer Than 100 Employees (Top 10K),[Employees],1,[],0,[Fewer],1
United States Companies With More Than 500 Employees (Top 10K),[Employees],1,[],0,[More],1
Venture Capital Investors with Investments in Central Region,[],0,[],0,[],0
Information Technology Companies With Less Than $1B in Revenue (Top 10K),"[Companies, 1B]",2,[],0,[Less],1
New England Companies With Fewer Than 1000 Employees (Top 10K),[Employees],1,[],0,[Fewer],1
Asia Companies With Fewer Than 100 Employees (Top 10K),[Employees],1,[],0,[Fewer],1
Western US Medical Companies (Top 10K),[],0,[],0,[Western],1
Health Care Companies With More Than $10M in Revenue (Top 10K),[Companies],1,[],0,[More],1
Greater Los Angeles Area Companies With Fewer Than 100 Employees (Top 10K),"[Companies, Employees]",2,[],0,[Fewer],1
Information Technology Companies With Less Than $500M in Revenue (Top 10K),[Companies],1,[],0,[Less],1
"Venture Capital Investors with Investments in Redwood City, California",[],0,[],0,[],0
Texas Companies With Fewer Than 50 Employees (Top 10K),[Employees],1,[],0,[Fewer],1
United Kingdom Companies With Less Than $10M in Revenue (Top 10K),[],0,[],0,[Less],1
Product Design Companies With Fewer Than 50 Employees (Top 10K),"[Product, Companies, Employees]",3,[],0,[Fewer],1
Europe Companies Founded in the Last Year,"[Companies, Year]",2,[Founded],1,[Last],1
Food and Beverage Companies With More Than $1M in Revenue (Top 10K),"[Food, Companies]",2,[],0,[More],1
Therapeutics Companies With Fewer Than 100 Employees (Top 10K),"[Therapeutics, Companies, Employees]",3,[],0,[Fewer],1
Building Material Companies With Less Than $50M in Revenue (Top 10K),[],0,[Building],1,[Less],1
Construction Companies With More Than $10M in Revenue (Top 10K),"[Construction, Companies]",2,[],0,[More],1
New York Companies With Less Than $50M in Revenue (Top 10K),[],0,[],0,[Less],1
Wellness Companies With Fewer Than 50 Employees (Top 10K),"[Companies, Employees]",2,[],0,[Fewer],1
Greater New York Area Companies With Fewer Than 100 Employees (Top 10K),"[Companies, Employees]",2,[],0,[Fewer],1
Commercial Real Estate Companies With Fewer Than 1000 Employees (Top 10K),[Employees],1,[],0,"[Commercial, Fewer]",2
E-Commerce Companies (Top 10K),[],0,[],0,[],0
Retail Companies With Fewer Than 1000 Employees (Top 10K),[Employees],1,[],0,[Fewer],1
India Companies (Top 10K),[],0,[],0,[],0
Canada Companies With Fewer Than 1000 Employees (Top 10K),[Employees],1,[],0,[Fewer],1
Midwestern US Property Management Companies,[Companies],1,[],0,[Midwestern],1
Connecticut Manufacturing Companies,[Companies],1,[],0,[],0
Retail Companies With Less Than $1B in Revenue (Top 10K),[1B],1,[],0,[Less],1
Private Equity Firms with Investments in Greater San Diego Area,"[Investments, Area]",2,[],0,[],0
European Union (EU) Companies With More Than 100 Employees (Top 10K),"[Companies, Employees]",2,[],0,[More],1
"Private Equity Firms with Investments in Seattle, Washington",[],0,[],0,[],0
Illinois Companies With More Than 10 Employees (Top 10K),"[Companies, Employees]",2,[],0,[More],1
Industrial Manufacturing Companies With More Than 10 Employees (Top 10K),"[Companies, Employees]",2,[],0,[More],1
Private Equity Firms with Investments in Texas,[],0,[],0,[],0
Asia Companies With More Than 100 Employees (Top 10K),"[Companies, Employees]",2,[],0,[More],1
Private Illinois Companies (Top 10K),[],0,[],0,[Private],1
Illinois Companies (Top 10K),[],0,[],0,[],0
"Venture Capital Investors with Investments in San Jose, California",[],0,[],0,[],0
Consulting Companies With More Than $10M in Revenue (Top 10K),[Companies],1,[Consulting],1,[More],1
Consulting Companies With More Than 100 Employees (Top 10K),"[Companies, Employees]",2,[Consulting],1,[More],1
Electronics Companies With More Than $1M in Revenue (Top 10K),[Electronics],1,[],0,[More],1
Information Technology Companies With Less Than $50M in Revenue (Top 10K),[Companies],1,[],0,[Less],1
Asia-Pacific (APAC) Companies With More Than 100 Employees (Top 10K),"[Companies, Employees]",2,[],0,[More],1
Retail Companies With Less Than $500M in Revenue (Top 10K),[],0,[],0,[Less],1
European Union (EU) Companies With Less Than $50M in Revenue (Top 10K),[Companies],1,[],0,[Less],1
West Coast Companies With More Than $10M in Revenue (Top 10K),[],0,[],0,[More],1
Midwestern US Industrial Companies,[],0,[],0,[Midwestern],1
Private Equity Firms with Investments in Illinois,[],0,[],0,[],0
Industrial Manufacturing Companies (Top 10K),[],0,[],0,[],0
Financial Services Companies With Less Than $50M in Revenue (Top 10K),[],0,[],0,[Less],1
Ohio Companies With More Than $1M in Revenue (Top 10K),[Companies],1,[],0,[More],1
United States Startups Founded in 2022,[],0,[Founded],1,[],0
Illinois Companies With Fewer Than 1000 Employees (Top 10K),"[Companies, Employees]",2,[],0,[Fewer],1
"Venture Capital Investors with Investments in Singapore, Central Region",[],0,[],0,[],0
New York Companies With Fewer Than 100 Employees (Top 10K),[Employees],1,[],0,[Fewer],1
West Coast Companies With More Than 100 Employees (Top 10K),[Employees],1,[],0,[More],1
United States Commercial Real Estate Companies,[Companies],1,[],0,[],0
Insurance Companies With More Than $1M in Revenue (Top 10K),"[Insurance, Companies]",2,[],0,[More],1
New England Companies With Less Than $500M in Revenue (Top 10K),[],0,[],0,[Less],1
Private Equity Firms with Investments in Alberta,[],0,[],0,[],0
New England Companies With Less Than $1B in Revenue (Top 10K),[1B],1,[],0,[Less],1
United States Information Technology Companies (Top 10K),[],0,[],0,[],0
Venture Capital Investors with Investments in Latin America,[],0,[],0,[],0
Private India Companies (Top 10K),[],0,[],0,[Private],1
United States Retail Companies (Top 10K),[],0,[],0,[],0
Asia Companies With Less Than $1B in Revenue (Top 10K),[1B],1,[],0,[Less],1
Training Companies With More Than $1M in Revenue (Top 10K),[Companies],1,[Training],1,[More],1
Private Equity Firms with Investments in Europe,[],0,[],0,[],0
Industrial Companies With More Than 100 Employees (Top 10K),[Employees],1,[],0,[More],1
United States Leasing Companies,[Companies],1,[],0,[],0
Construction Companies With Fewer Than 50 Employees (Top 10K),"[Construction, Companies, Employees]",3,[],0,[Fewer],1
Food and Beverage Companies With More Than 10 Employees (Top 10K),"[Food, Companies, Employees]",3,[],0,[More],1
Non Profit Companies With Less Than $1B in Revenue (Top 10K),[1B],1,[],0,[Less],1
Commercial Real Estate Companies With Fewer Than 100 Employees,[Employees],1,[],0,"[Commercial, Fewer]",2
"Private Equity Firms with Investments in Cambridge, Massachusetts",[],0,[],0,[],0
Financial Services Companies With Fewer Than 50 Employees (Top 10K),[Employees],1,[],0,[Fewer],1
East Coast Consulting Companies (Top 10K),[],0,[],0,[],0
Non Profit Companies With Less Than $500M in Revenue (Top 10K),[],0,[],0,[Less],1
Industrial Manufacturing Companies With Fewer Than 1000 Employees (Top 10K),[Employees],1,[],0,[Fewer],1
California Manufacturing Companies (Top 10K),[],0,[],0,[],0
Florida Companies With More Than 50 Employees (Top 10K),[Employees],1,[],0,[More],1
Canada Companies With More Than $10M in Revenue,"[Companies, Revenue]",2,[],0,[More],1
Oceania Companies (Top 10K),[],0,[],0,[],0
Australasia Companies (Top 10K),[],0,[],0,[],0
E-Commerce Companies With Fewer Than 1000 Employees (Top 10K),[Employees],1,[],0,[Fewer],1
Asia Companies With Less Than $500M in Revenue (Top 10K),[],0,[],0,[Less],1
Private Equity Firms with Investments in British Columbia,[Investments],1,[],0,[],0
Manufacturing Companies With More Than $50M in Revenue (Top 10K),[Companies],1,[Manufacturing],1,[More],1
Midwestern US Real Estate Companies,[Companies],1,[],0,[Midwestern],1
Private Equity Firms with Investments in Connecticut,[],0,[],0,[],0
India Companies With Fewer Than 1000 Employees (Top 10K),[Employees],1,[],0,[Fewer],1
Private Equity Firms with Investments in Ohio,[],0,[],0,[],0
Greater Los Angeles Area Companies With Fewer Than 50 Employees (Top 10K),"[Companies, Employees]",2,[],0,[Fewer],1
Wholesale Companies With Less Than $10M in Revenue,[Revenue],1,[],0,[Less],1
Ohio Companies With More Than 10 Employees (Top 10K),"[Companies, Employees]",2,[],0,[More],1
"Private Equity Firms with Investments in Waltham, Massachusetts",[],0,[],0,[],0
Commercial Real Estate Companies With More Than 10 Employees,"[Companies, Employees]",2,[],0,"[Commercial, More]",2
Greater Atlanta Area Companies With More Than 10 Employees (Top 10K),"[Companies, Employees]",2,[],0,[More],1
Oceania Companies With Fewer Than 1000 Employees (Top 10K),[Employees],1,[],0,[Fewer],1
Private Ohio Companies (Top 10K),[Companies],1,[],0,[Private],1
Private Equity Firms with Investments in Indiana,[],0,[],0,[],0
Education Companies (Top 10K),[Education],1,[],0,[],0
Insurance Companies With Fewer Than 1000 Employees (Top 10K),"[Insurance, Employees]",2,[],0,[Fewer],1
Venture Capital Investors with Investments in Sweden,[],0,[],0,[],0
Oceania Companies With More Than $1M in Revenue (Top 10K),[Companies],1,[],0,[More],1
Private Equity Firms with Investments in Scandinavia,[],0,[],0,[],0
Australasia Companies With Fewer Than 1000 Employees (Top 10K),[Employees],1,[],0,[Fewer],1
Private Oceania Companies (Top 10K),[],0,[],0,[Private],1
Private Equity Firms with Investments in Nordic Countries,[],0,[],0,[Nordic],1
Greater Los Angeles Area Companies With Less Than $10M in Revenue (Top 10K),[Companies],1,[],0,[Less],1
Illinois Companies With Less Than $1B in Revenue (Top 10K),"[Companies, 1B]",2,[],0,[Less],1
United States Industrial Manufacturing Companies,[Companies],1,[],0,[],0
Australasia Companies With More Than $1M in Revenue (Top 10K),[Companies],1,[],0,[More],1
New England Companies With Less Than $50M in Revenue (Top 10K),[],0,[],0,[Less],1
Health Diagnostics Companies With More Than $1M in Revenue,[Revenue],1,[],0,[More],1
Private Australasia Companies (Top 10K),[],0,[],0,[Private],1
"Private Equity Firms with Investments in Irvine, California",[],0,[],0,[],0
Illinois Companies With Less Than $500M in Revenue (Top 10K),[Companies],1,[],0,[Less],1
Ohio Companies (Top 10K),[],0,[],0,[],0
"Private Equity Firms with Investments in San Diego, California",[],0,[],0,[],0
Africa Companies With More Than $1M in Revenue,"[Companies, Revenue]",2,[],0,[More],1
Leasing Companies With Fewer Than 100 Employees,"[Companies, Employees]",2,[Leasing],1,[Fewer],1
Food and Beverage Companies (Top 10K),[Food],1,[],0,[],0
Great Lakes Property Management Companies,[Companies],1,[],0,[],0
Commercial Real Estate Companies With Less Than $10M in Revenue,[Revenue],1,[],0,"[Commercial, Less]",2
Great Lakes Health Care Companies (Top 10K),[],0,[],0,[],0
Greater New York Area Companies With Fewer Than 50 Employees (Top 10K),"[Companies, Employees]",2,[],0,[Fewer],1
Leasing Companies With Fewer Than 1000 Employees,"[Companies, Employees]",2,[Leasing],1,[Fewer],1
Therapeutics Companies With Fewer Than 50 Employees,"[Therapeutics, Companies, Employees]",3,[],0,[Fewer],1
United States Companies With Less Than $1M in Revenue (Top 10K),[],0,[],0,[Less],1
Greater Chicago Area Companies With More Than $1M in Revenue (Top 10K),[Companies],1,[],0,[More],1
Machinery Manufacturing Companies With More Than 50 Employees,"[Machinery, Companies, Employees]",3,[],0,[More],1
Health Care Companies With Fewer Than 10 Employees (Top 10K),[Employees],1,[],0,[Fewer],1
Texas Manufacturing Companies,[Companies],1,[],0,[],0
Software Companies With Less Than $1B in Revenue (Top 10K),[1B],1,[],0,[Less],1
Real Estate Investment Companies With More Than $1M in Revenue,[Revenue],1,[],0,"[Real, More]",2
Asia Companies With Fewer Than 50 Employees (Top 10K),[Employees],1,[],0,[Fewer],1
Private Equity Firms with Investments in Washington DC Metro Area,[],0,[],0,[],0
Software Companies With Less Than $500M in Revenue (Top 10K),[],0,[],0,[Less],1
Insurance Companies (Top 10K),[Insurance],1,[],0,[],0
Insurance Companies With More Than 10 Employees (Top 10K),"[Insurance, Companies, Employees]",3,[],0,[More],1
Professional Services Companies With More Than $1M in Revenue (Top 10K),[],0,[],0,[More],1
Ohio Companies With Fewer Than 1000 Employees (Top 10K),"[Companies, Employees]",2,[],0,[Fewer],1
Advertising Companies (Top 10K),[Advertising],1,[],0,[],0
Professional Services Companies With More Than 10 Employees (Top 10K),[Employees],1,[],0,[More],1
Leasing Companies With Less Than $500M in Revenue,"[Companies, Revenue]",2,[Leasing],1,[Less],1
Food and Beverage Companies With Less Than $1B in Revenue (Top 10K),"[Food, Companies, 1B]",3,[],0,[Less],1
Food and Beverage Companies With Less Than $500M in Revenue (Top 10K),"[Food, Companies]",2,[],0,[Less],1
Greater Miami Area Companies With More Than $1M in Revenue (Top 10K),[Companies],1,[],0,[More],1
Leasing Companies With Less Than $1B in Revenue,"[Companies, 1B, Revenue]",3,[Leasing],1,[Less],1
Electronics Companies With More Than 10 Employees (Top 10K),"[Electronics, Employees]",2,[],0,[More],1
Private Greater Miami Area Companies (Top 10K),[],0,[],0,[],0
Greater Chicago Area Companies With More Than 10 Employees (Top 10K),"[Companies, Employees]",2,[],0,[More],1
Greater Atlanta Area Companies With Less Than $1B in Revenue (Top 10K),[1B],1,[],0,[Less],1
Software Companies With More Than $1M in Revenue (Top 10K),[],0,[],0,[More],1
Greater Miami Area Companies (Top 10K),[],0,[],0,[],0
"Venture Capital Investors with Investments in South San Francisco, California",[],0,[],0,[],0
Western US Property Management Companies,[Companies],1,[],0,[Western],1
Professional Services Companies (Top 10K),[],0,[],0,[],0
Private Greater Chicago Area Companies (Top 10K),[],0,[],0,[],0
"Venture Capital Investors with Investments in Beijing, Beijing",[],0,[],0,[],0
Greater Chicago Area Companies (Top 10K),[],0,[],0,[],0
Georgia Companies With Less Than $10M in Revenue (Top 10K),[],0,[],0,[Less],1
Leasing Companies With Less Than $50M in Revenue,"[Companies, Revenue]",2,[Leasing],1,[Less],1
Illinois Companies With Less Than $50M in Revenue (Top 10K),[Companies],1,[],0,[Less],1
Venture Capital Investors with Investments in China,[],0,[],0,[],0
Mechanical Engineering Companies With More Than $1M in Revenue,[Revenue],1,[],0,[More],1
Software Companies With Less Than $50M in Revenue (Top 10K),[],0,[],0,[Less],1
Electronics Companies (Top 10K),[],0,[],0,[],0
Venture Capital Investors with Investments in Illinois,[],0,[],0,[],0
Ohio Companies With Less Than $500M in Revenue (Top 10K),[Companies],1,[],0,[Less],1
Ohio Companies With Less Than $1B in Revenue (Top 10K),"[Companies, 1B]",2,[],0,[Less],1
Pennsylvania Companies With More Than $1M in Revenue (Top 10K),[],0,[],0,[More],1
Greater Atlanta Area Companies With Less Than $500M in Revenue (Top 10K),[],0,[],0,[Less],1
Advertising Companies With Fewer Than 1000 Employees (Top 10K),"[Advertising, Companies, Employees]",3,[],0,[Fewer],1
Greater Houston Area Companies With More Than $1M in Revenue,"[Companies, Revenue]",2,[],0,[More],1
Commercial Real Estate Companies With Fewer Than 50 Employees,[Employees],1,[],0,"[Commercial, Fewer]",2
Australia Companies (Top 10K),[],0,[],0,[],0
New York Companies With Fewer Than 50 Employees (Top 10K),[Employees],1,[],0,[Fewer],1
Retail Companies With Less Than $50M in Revenue (Top 10K),[],0,[],0,[Less],1
Georgia Companies With Fewer Than 100 Employees (Top 10K),[Employees],1,[],0,[Fewer],1
Canada Industrial Companies,[],0,[],0,[],0
Private Equity Firms with Investments in Utah,[],0,[],0,[],0
Education Companies With Fewer Than 1000 Employees (Top 10K),"[Education, Companies, Employees]",3,[],0,[Fewer],1
Asia-Pacific (APAC) Startups Founded in 2022,[Startups],1,[Founded],1,[],0
Leasing Companies,[Companies],1,[Leasing],1,[],0
Training Companies (Top 10K),[Training],1,[],0,[],0
India Companies With More Than 10 Employees (Top 10K),[Employees],1,[],0,[More],1
"Venture Capital Investors with Investments in Los Altos, California",[],0,[],0,[],0
United States Companies Founded in the Last Year,"[Companies, Year]",2,[Founded],1,[Last],1
Professional Services Companies With Fewer Than 1000 Employees (Top 10K),[Employees],1,[],0,[Fewer],1
Non Profit Companies With Fewer Than 100 Employees (Top 10K),[Employees],1,[],0,[Fewer],1
Web Apps Companies With Fewer Than 50 Employees,"[Web, Companies, Employees]",3,[],0,[Fewer],1
Venture Capital Investors with Investments in Beijing,[],0,[],0,[],0
Private Equity Firms with Investments in United Kingdom,[],0,[],0,[],0
Education Companies With More Than 10 Employees (Top 10K),"[Education, Companies, Employees]",3,[],0,[More],1
Property Development Companies With More Than $1M in Revenue,"[Companies, Revenue]",2,[],0,[More],1
Greater Chicago Area Companies With Fewer Than 1000 Employees (Top 10K),[Employees],1,[],0,[Fewer],1
Australia Companies With Fewer Than 1000 Employees (Top 10K),[Employees],1,[],0,[Fewer],1
Africa Companies With More Than 10 Employees (Top 10K),"[Companies, Employees]",2,[],0,[More],1
Private Australia Companies (Top 10K),[],0,[],0,[],0
Northeastern US Health Care Companies (Top 10K),[],0,[],0,[Northeastern],1
Non Profit Companies With Less Than $50M in Revenue (Top 10K),[],0,[],0,[Less],1
Leasing Companies With Fewer Than 50 Employees,"[Companies, Employees]",2,[Leasing],1,[Fewer],1
Rental Property Companies With More Than $1M in Revenue,[Revenue],1,[],0,[More],1
Web Apps Companies With Fewer Than 100 Employees,"[Web, Companies, Employees]",3,[],0,[Fewer],1
Private Greater Atlanta Area Companies (Top 10K),[],0,[],0,[],0
Marketing Companies (Top 10K),"[Marketing, Companies]",2,[],0,[],0
Michigan Companies With More Than $1M in Revenue,"[Companies, Revenue]",2,[],0,[More],1
Australia Companies With More Than $1M in Revenue (Top 10K),[],0,[],0,[More],1
Venture Capital Investors with Investments in Greater Atlanta Area,[],0,[],0,[],0
Greater Atlanta Area Companies With Fewer Than 1000 Employees (Top 10K),[Employees],1,[],0,[Fewer],1
Greater Atlanta Area Companies (Top 10K),[],0,[],0,[],0
Wisconsin Companies With More Than $1M in Revenue,"[Companies, Revenue]",2,[],0,[More],1
Property Development Companies,[Companies],1,[],0,[],0
West Coast Health Care Companies (Top 10K),[],0,[],0,[],0
Pennsylvania Companies (Top 10K),[],0,[],0,[],0
Private Pennsylvania Companies (Top 10K),[],0,[],0,[Private],1
Rental Companies With More Than $1M in Revenue,"[Companies, Revenue]",2,[],0,"[Rental, More]",2
Private Equity Firms with Investments in Greater Chicago Area,[Investments],1,[],0,[],0
Great Lakes Real Estate Companies,[Companies],1,[],0,[],0
Food and Beverage Companies With Fewer Than 1000 Employees (Top 10K),"[Food, Companies, Employees]",3,[],0,[Fewer],1
Product Design Companies With More Than 50 Employees,"[Product, Companies, Employees]",3,[],0,[More],1
Europe Companies With Fewer Than 10 Employees (Top 10K),[Employees],1,[],0,[Fewer],1
Private Equity Firms with Investments in Virginia,[],0,[],0,[],0
East Coast Residential Companies,[],0,[],0,[],0
Marketing Companies With Fewer Than 1000 Employees (Top 10K),"[Marketing, Companies, Employees]",3,[],0,[Fewer],1
Training Companies With Fewer Than 1000 Employees (Top 10K),"[Companies, Employees]",2,[Training],1,[Fewer],1
Oceania Companies With More Than 10 Employees (Top 10K),"[Companies, Employees]",2,[],0,[More],1
Web Apps Companies With Fewer Than 1000 Employees,"[Web, Companies, Employees]",3,[],0,[Fewer],1
Venture Capital Investors with Investments in Georgia,[],0,[],0,[],0
Retail Companies With More Than $10M in Revenue,[Revenue],1,[],0,[More],1
Australasia Companies With More Than 10 Employees (Top 10K),"[Companies, Employees]",2,[],0,[More],1
"Venture Capital Investors with Investments in Toronto, Ontario",[],0,[],0,[],0
Greater Atlanta Area Companies With Less Than $50M in Revenue (Top 10K),[],0,[],0,[Less],1
Quebec Manufacturing Companies,[Companies],1,[],0,[],0
Advertising Companies With More Than 10 Employees (Top 10K),"[Advertising, Companies, Employees]",3,[],0,[More],1
United States Financial Services Companies (Top 10K),[],0,[],0,[],0
Retail Companies With More Than 50 Employees (Top 10K),"[Companies, Employees]",2,[],0,[More],1
Asia-Pacific (APAC) Companies With Less Than $10M in Revenue (Top 10K),[Companies],1,[],0,[Less],1
Electronics Companies With Less Than $1B in Revenue (Top 10K),"[Electronics, 1B]",2,[],0,[Less],1
"Venture Capital Investors with Investments in Austin, Texas",[],0,[],0,[],0
Training Companies With More Than 10 Employees (Top 10K),"[Companies, Employees]",2,[Training],1,[More],1
E-Commerce Companies With More Than 10 Employees (Top 10K),"[Companies, Employees]",2,[],0,[More],1
Electronics Companies With Fewer Than 1000 Employees (Top 10K),"[Electronics, Employees]",2,[],0,[Fewer],1
Private Equity Firms with Investments in Dallas/Fort Worth Metroplex,[],0,[],0,[],0
Web Apps Companies,"[Web, Companies]",2,[],0,[],0
New England Companies With Fewer Than 100 Employees (Top 10K),[Employees],1,[],0,[Fewer],1
United States Sales Companies (Top 10K),[],0,[],0,[],0
Asia-Pacific (APAC) Companies With More Than $10M in Revenue (Top 10K),[Companies],1,[],0,[More],1
European Union (EU) Companies With Less Than $10M in Revenue (Top 10K),[Companies],1,[],0,[Less],1
Oceania Companies With Less Than $1B in Revenue (Top 10K),[1B],1,[],0,[Less],1
Electronics Companies With Less Than $500M in Revenue (Top 10K),[Electronics],1,[],0,[Less],1
Industrial Engineering Companies With More Than $1M in Revenue,[Revenue],1,[],0,[More],1
Food and Beverage Companies With More Than 50 Employees (Top 10K),"[Food, Companies, Employees]",3,[],0,[More],1
Construction Companies With More Than 100 Employees (Top 10K),"[Construction, Companies, Employees]",3,[],0,[More],1
Australasia Companies With Less Than $1B in Revenue (Top 10K),[1B],1,[],0,[Less],1
Wholesale Companies With More Than 50 Employees,[Employees],1,[],0,[More],1
Oceania Companies With Less Than $500M in Revenue (Top 10K),[],0,[],0,[Less],1
Manufacturing Companies With More Than 500 Employees (Top 10K),"[Companies, Employees]",2,[Manufacturing],1,[More],1
Insurance Companies With Less Than $1B in Revenue (Top 10K),"[Insurance, 1B]",2,[],0,[Less],1
Virginia Companies With More Than $1M in Revenue (Top 10K),[],0,[],0,[More],1
United States Food and Beverage Companies (Top 10K),[],0,[],0,[],0
Australasia Companies With Less Than $500M in Revenue (Top 10K),[],0,[],0,[Less],1
"Private Equity Firms with Investments in Redwood City, California",[],0,[],0,[],0
Greater Miami Area Companies With Fewer Than 1000 Employees (Top 10K),"[Companies, Employees]",2,[],0,[Fewer],1
Insurance Companies With Less Than $500M in Revenue (Top 10K),[Insurance],1,[],0,[Less],1
E-Commerce Companies With Fewer Than 100 Employees (Top 10K),[Employees],1,[],0,[Fewer],1
Greater New York Area Companies With Less Than $10M in Revenue (Top 10K),[Companies],1,[],0,[Less],1
Pennsylvania Companies With Fewer Than 1000 Employees (Top 10K),[Employees],1,[],0,[Fewer],1
California Companies With More Than $10M in Revenue (Top 10K),[Companies],1,[],0,[More],1
Property Development Companies With Less Than $500M in Revenue,"[Companies, Revenue]",2,[],0,[Less],1
Property Development Companies With Less Than $1B in Revenue,"[Companies, 1B, Revenue]",3,[],0,[Less],1
Property Development Companies With Fewer Than 1000 Employees,"[Companies, Employees]",2,[],0,[Fewer],1
Private Equity Firms with Investments in England,[],0,[],0,[],0
Ohio Companies With Less Than $50M in Revenue (Top 10K),[Companies],1,[],0,[Less],1
Information Technology Companies With Less Than $10M in Revenue (Top 10K),[Companies],1,[],0,[Less],1
"Private Equity Firms with Investments in London, England",[],0,[],0,[],0
Real Estate Investment Companies With Fewer Than 1000 Employees,[Employees],1,[],0,"[Real, Fewer]",2
Michigan Companies With Fewer Than 1000 Employees (Top 10K),"[Companies, Employees]",2,[],0,[Fewer],1
Texas Companies With More Than 50 Employees (Top 10K),[Employees],1,[],0,[More],1
Hospital Companies With More Than $1M in Revenue (Top 10K),[],0,[],0,[More],1
California Companies With More Than 100 Employees (Top 10K),"[Companies, Employees]",2,[],0,[More],1
Venture Capital Investors with Investments in Greater Chicago Area,[],0,[],0,[],0
NA - South Africa Companies With More Than $1M in Revenue,"[Companies, Revenue]",2,[],0,[More],1
South Africa Companies With More Than $1M in Revenue,"[Companies, Revenue]",2,[],0,[More],1
Southern US Dental Companies,[],0,[],0,[Southern],1
United States Hospital Companies (Top 10K),[],0,[],0,[],0
Sales Companies With More Than 10 Employees (Top 10K),"[Sales, Companies, Employees]",3,[],0,[More],1
Pennsylvania Companies With More Than 10 Employees (Top 10K),[Employees],1,[],0,[More],1
New York Companies With Less Than $10M in Revenue (Top 10K),[],0,[],0,[Less],1
Private Equity Firms with Investments in European Union (EU),[],0,[],0,[],0
Real Estate Investment Companies (Top 10K),[],0,[],0,[Real],1
United States Education Companies (Top 10K),[],0,[],0,[],0
Financial Services Companies With Less Than $10M in Revenue (Top 10K),[],0,[],0,[Less],1
Building Material Companies With Fewer Than 100 Employees (Top 10K),[Employees],1,[Building],1,[Fewer],1
E-Commerce Companies With More Than $1M in Revenue (Top 10K),[Companies],1,[],0,[More],1
Wholesale Companies With Fewer Than 50 Employees (Top 10K),[Employees],1,[],0,[Fewer],1
Greater Chicago Area Companies With Less Than $1B in Revenue (Top 10K),[1B],1,[],0,[Less],1
Advertising Companies With Fewer Than 100 Employees (Top 10K),"[Advertising, Companies, Employees]",3,[],0,[Fewer],1
Canada Companies With Less Than $10M in Revenue (Top 10K),[],0,[],0,[Less],1
Greater Chicago Area Companies With Less Than $500M in Revenue (Top 10K),[],0,[],0,[Less],1
Pennsylvania Companies With Less Than $1B in Revenue (Top 10K),[1B],1,[],0,[Less],1
Property Development Companies With Less Than $50M in Revenue,"[Companies, Revenue]",2,[],0,[Less],1
Ontario Companies With More Than $1M in Revenue,"[Companies, Revenue]",2,[],0,[More],1
Cosmetic Surgery Companies With More Than $1M in Revenue,"[Companies, Revenue]",2,[],0,"[Cosmetic, More]",2
Pennsylvania Companies With Less Than $500M in Revenue (Top 10K),[],0,[],0,[Less],1
Venture Capital Investors with Investments in Washington DC Metro Area,[],0,[],0,[],0
Asia Companies With More Than $10M in Revenue (Top 10K),[Companies],1,[],0,[More],1
Private Michigan Companies (Top 10K),[],0,[],0,[Private],1
Medical Companies With More Than 50 Employees (Top 10K),[Employees],1,[],0,[More],1
Michigan Companies (Top 10K),[],0,[],0,[],0
Sales Companies With More Than $1M in Revenue (Top 10K),"[Sales, Companies]",2,[],0,[More],1
Supply Chain Management Companies With More Than $1M in Revenue,"[Companies, Revenue]",2,[],0,[More],1
Real Estate Companies With Fewer Than 10 Employees (Top 10K),[Employees],1,[],0,"[Real, Fewer]",2
Northeastern US Industrial Companies,[],0,[],0,[Northeastern],1
European Union (EU) Companies With More Than $10M in Revenue (Top 10K),[Companies],1,[],0,[More],1
San Francisco Bay Area Companies (Top 10K),[],0,[],0,[],0
United States Electronics Companies (Top 10K),[],0,[],0,[],0
Personal Health Companies With Less Than $1B in Revenue,"[1B, Revenue]",2,[],0,[Less],1
Manufacturing Companies With Fewer Than 10 Employees (Top 10K),"[Companies, Employees]",2,[Manufacturing],1,[Fewer],1
Property Management Companies With Fewer Than 10 Employees,"[Companies, Employees]",2,[],0,[Fewer],1
Information Technology Companies With More Than 50 Employees (Top 10K),"[Companies, Employees]",2,[],0,[More],1
Greater Houston Area Companies With More Than 10 Employees,"[Companies, Employees]",2,[],0,[More],1
Personal Health Companies With Less Than $500M in Revenue,[Revenue],1,[],0,[Less],1
Michigan Companies With Less Than $1B in Revenue (Top 10K),"[Companies, 1B]",2,[],0,[Less],1
Quebec Companies With More Than $1M in Revenue,[Revenue],1,[],0,[More],1
Private San Francisco Bay Area Companies (Top 10K),[],0,[],0,[Private],1
"Venture Capital Investors with Investments in Sunnyvale, California",[],0,[],0,[],0
Mechanical Engineering Companies With Less Than $1B in Revenue,"[1B, Revenue]",2,[],0,[Less],1
Midwestern US Medical Companies,[],0,[],0,[Midwestern],1
"Venture Capital Investors with Investments in Santa Clara, California",[],0,[],0,[],0
Property Development Companies With More Than 10 Employees,"[Companies, Employees]",2,[],0,[More],1
Michigan Companies With Less Than $500M in Revenue (Top 10K),[Companies],1,[],0,[Less],1
Asia Companies With Less Than $50M in Revenue (Top 10K),[],0,[],0,[Less],1
Connecticut Companies With More Than $1M in Revenue,"[Companies, Revenue]",2,[],0,[More],1
Software Companies With Less Than $10M in Revenue (Top 10K),[],0,[],0,[Less],1
West Coast Companies With Fewer Than 10 Employees (Top 10K),[Employees],1,[],0,[Fewer],1
Southeast Asia Companies (Top 10K),[],0,[],0,[],0
Association of Southeast Asian Nations (ASEAN) Companies (Top 10K),[Companies],1,[],0,[],0
Australia Companies With More Than 10 Employees (Top 10K),[Employees],1,[],0,[More],1
Canada Companies With Fewer Than 100 Employees (Top 10K),[Employees],1,[],0,[Fewer],1
Investment Banks with Investments in Great Lakes,"[Investment, Investments]",2,[],0,[],0
Illinois Companies With Fewer Than 100 Employees (Top 10K),"[Companies, Employees]",2,[],0,[Fewer],1
Ontario Manufacturing Companies,[Companies],1,[],0,[],0
Mechanical Engineering Companies With Less Than $500M in Revenue,[Revenue],1,[],0,[Less],1
Georgia Companies With Fewer Than 50 Employees (Top 10K),[Employees],1,[],0,[Fewer],1
Southern US Wellness Companies,[],0,[],0,[Southern],1
Greater Houston Area Companies With Less Than $1B in Revenue (Top 10K),[1B],1,[],0,[Less],1
Personal Health Companies With Less Than $50M in Revenue,[Revenue],1,[],0,[Less],1
Venture Capital Investors with Investments in Alberta,[],0,[],0,[],0
Medical Companies With Fewer Than 10 Employees (Top 10K),[Employees],1,[],0,[Fewer],1
Greater Houston Area Companies With Less Than $500M in Revenue (Top 10K),[],0,[],0,[Less],1
European Union (EU) Manufacturing Companies (Top 10K),[],0,[],0,[],0
Florida Companies With More Than 100 Employees,[Employees],1,[],0,[More],1
Machinery Manufacturing Companies With More Than $10M in Revenue,"[Machinery, Companies, Revenue]",3,[],0,[More],1
Michigan Companies With More Than 10 Employees (Top 10K),"[Companies, Employees]",2,[],0,[More],1
Greater Chicago Area Companies With Less Than $50M in Revenue (Top 10K),[],0,[],0,[Less],1
Oceania Companies With Less Than $50M in Revenue (Top 10K),[],0,[],0,[Less],1
United States E-Commerce Companies (Top 10K),[],0,[],0,[],0
Virginia Companies (Top 10K),[],0,[],0,[],0
Greater Miami Area Companies With More Than 10 Employees (Top 10K),"[Companies, Employees]",2,[],0,[More],1
Venture Capital Investors with Investments in France,[],0,[],0,[],0
Venture Capital Investors with Investments in Switzerland,[],0,[],0,[],0
Leasing Companies With More Than 10 Employees,"[Companies, Employees]",2,[Leasing],1,[More],1
Private Equity Firms with Investments in Ontario,[],0,[],0,[],0
Training Companies With Less Than $1B in Revenue (Top 10K),"[Companies, 1B]",2,[Training],1,[Less],1
Africa Companies With Less Than $1B in Revenue,"[Companies, 1B, Revenue]",3,[],0,[Less],1
Australasia Companies With Less Than $50M in Revenue (Top 10K),[],0,[],0,[Less],1
Leasing Companies With Less Than $10M in Revenue,"[Companies, Revenue]",2,[Leasing],1,[Less],1
Marketing Companies With More Than 10 Employees (Top 10K),"[Marketing, Companies, Employees]",3,[],0,[More],1
Private Virginia Companies (Top 10K),[],0,[],0,[],0
Australia Companies With Less Than $1B in Revenue (Top 10K),[1B],1,[],0,[Less],1
Oceania Companies With Fewer Than 100 Employees (Top 10K),[Employees],1,[],0,[Fewer],1
Southern US Commercial Companies,[],0,[],0,[Southern],1
Training Companies With Less Than $500M in Revenue (Top 10K),[Companies],1,[Training],1,[Less],1
Virginia Companies With More Than 10 Employees (Top 10K),[Employees],1,[],0,[More],1
Australasia Companies With Fewer Than 100 Employees (Top 10K),[Employees],1,[],0,[Fewer],1
Australia Companies With Less Than $500M in Revenue (Top 10K),[],0,[],0,[Less],1
Hospital Companies (Top 10K),[],0,[],0,[],0
Mechanical Engineering Companies (Top 10K),[],0,[],0,[],0
United States Software Companies (Top 10K),[],0,[],0,[],0
San Francisco Bay Area Companies With Fewer Than 1000 Employees (Top 10K),[Employees],1,[],0,[Fewer],1
Private Equity Firms with Investments in Greater Miami Area,"[Investments, Area]",2,[],0,[],0
United States Health Diagnostics Companies,[],0,[],0,[],0
Greater Miami Area Companies With Less Than $500M in Revenue (Top 10K),[Companies],1,[],0,[Less],1
West Coast Real Estate Companies (Top 10K),[],0,[],0,[],0
Plastics and Rubber Manufacturing Companies With More Than $1M in Revenue,"[Plastics, Companies, Revenue]",3,[],0,[More],1
Insurance Companies With Fewer Than 100 Employees (Top 10K),"[Insurance, Employees]",2,[],0,[Fewer],1
E-Commerce Companies With Fewer Than 50 Employees (Top 10K),[Employees],1,[],0,[Fewer],1
Insurance Companies With Less Than $50M in Revenue (Top 10K),[Insurance],1,[],0,[Less],1
Greater Miami Area Companies With Less Than $1B in Revenue (Top 10K),"[Companies, 1B]",2,[],0,[Less],1
