Text,Token,Count,Freq,Length,Lemma,PoS,Tag,Dep,Shape,Sentiment
-3.92%,-3.92,1,1,5,-3.92,NUM,CD,nummod,-d.dd,0.0
-3.92%,%,1,1,1,%,NOUN,NN,ROOT,%,0.0
-6.05%,-6.05,1,1,5,-6.05,NUM,CD,nummod,-d.dd,0.0
-6.05%,%,1,1,1,%,NOUN,NN,ROOT,%,0.0
-3.59%,-3.59,1,1,5,-3.59,NUM,CD,nummod,-d.dd,0.0
-3.59%,%,1,1,1,%,NOUN,NN,ROOT,%,0.0
-39.28%,-39.28,1,1,6,-39.28,NUM,CD,ROOT,-dd.dd,0.0
-39.28%,%,1,1,1,%,NOUN,NN,intj,%,0.0
4.04%,4.04,1,1,4,4.04,NUM,CD,nummod,d.dd,0.0
4.04%,%,1,1,1,%,NOUN,NN,ROOT,%,0.0
36.04%,36.04,1,1,5,36.04,NUM,CD,nummod,dd.dd,0.0
36.04%,%,1,1,1,%,NOUN,NN,ROOT,%,0.0
28.14%,28.14,1,1,5,28.14,NUM,CD,nummod,dd.dd,0.0
28.14%,%,1,1,1,%,NOUN,NN,ROOT,%,0.0
74.85%,74.85,1,1,5,74.85,NUM,CD,nummod,dd.dd,0.0
74.85%,%,1,1,1,%,NOUN,NN,ROOT,%,0.0
-3.13%,-3.13,1,1,5,-3.13,NUM,CD,nummod,-d.dd,0.0
-3.13%,%,1,1,1,%,NOUN,NN,ROOT,%,0.0
-57.29%,-57.29,1,1,6,-57.29,NUM,CD,ROOT,-dd.dd,0.0
-57.29%,%,1,1,1,%,NOUN,NN,intj,%,0.0
125.74%,125.74,1,1,6,125.74,NUM,CD,nummod,ddd.dd,0.0
125.74%,%,1,1,1,%,NOUN,NN,ROOT,%,0.0
-2.84%,-2.84,1,1,5,-2.84,NUM,CD,nummod,-d.dd,0.0
-2.84%,%,1,1,1,%,NOUN,NN,ROOT,%,0.0
-35.50%,-35.50,1,1,6,-35.50,PUNCT,NFP,ROOT,-dd.dd,0.0
-35.50%,%,1,1,1,%,NOUN,NN,intj,%,0.0
-29.51%,-29.51,1,1,6,-29.51,VERB,VBP,ROOT,-dd.dd,0.0
-29.51%,%,1,1,1,%,NOUN,NN,intj,%,0.0
-25.26%,-25.26,1,1,6,-25.26,PUNCT,NFP,ROOT,-dd.dd,0.0
-25.26%,%,1,1,1,%,INTJ,UH,intj,%,0.0
-49.35%,-49.35,1,2,6,-49.35,VERB,VBP,ROOT,-dd.dd,0.0
-49.35%,%,1,2,1,%,INTJ,UH,intj,%,0.0
-5.86%,-5.86,1,1,5,-5.86,NUM,CD,nummod,-d.dd,0.0
-5.86%,%,1,1,1,%,NOUN,NN,ROOT,%,0.0
-3.20%,-3.20,1,1,5,-3.20,NUM,CD,nummod,-d.dd,0.0
-3.20%,%,1,1,1,%,NOUN,NN,ROOT,%,0.0
0%,0,1,42,1,0,NUM,CD,nummod,d,0.0
0%,%,1,42,1,%,NOUN,NN,ROOT,%,0.0
103.52%,103.52,1,1,6,103.52,NUM,CD,nummod,ddd.dd,0.0
103.52%,%,1,1,1,%,NOUN,NN,ROOT,%,0.0
31.40%,31.40,1,1,5,31.40,NUM,CD,nummod,dd.dd,0.0
31.40%,%,1,1,1,%,NOUN,NN,ROOT,%,0.0
58.83%,58.83,1,1,5,58.83,NUM,CD,nummod,dd.dd,0.0
58.83%,%,1,1,1,%,NOUN,NN,ROOT,%,0.0
28.10%,28.10,1,1,5,28.10,NUM,CD,nummod,dd.dd,0.0
28.10%,%,1,1,1,%,NOUN,NN,ROOT,%,0.0
25.30%,25.30,1,1,5,25.30,NUM,CD,nummod,dd.dd,0.0
25.30%,%,1,1,1,%,NOUN,NN,ROOT,%,0.0
35.07%,35.07,1,1,5,35.07,NUM,CD,nummod,dd.dd,0.0
35.07%,%,1,1,1,%,NOUN,NN,ROOT,%,0.0
-2.15%,-2.15,1,1,5,-2.15,NUM,CD,nummod,-d.dd,0.0
-2.15%,%,1,1,1,%,NOUN,NN,ROOT,%,0.0
73.06%,73.06,1,1,5,73.06,NUM,CD,nummod,dd.dd,0.0
73.06%,%,1,1,1,%,NOUN,NN,ROOT,%,0.0
7.47%,7.47,1,1,4,7.47,NUM,CD,nummod,d.dd,0.0
7.47%,%,1,1,1,%,NOUN,NN,ROOT,%,0.0
17.88%,17.88,1,1,5,17.88,NUM,CD,nummod,dd.dd,0.0
17.88%,%,1,1,1,%,NOUN,NN,ROOT,%,0.0
21.53%,21.53,1,1,5,21.53,NUM,CD,nummod,dd.dd,0.0
21.53%,%,1,1,1,%,NOUN,NN,ROOT,%,0.0
-14.57%,-14.57,1,1,6,-14.57,PROPN,NNP,ROOT,-dd.dd,0.0
-14.57%,%,1,1,1,%,INTJ,UH,intj,%,0.0
4.45%,4.45,1,1,4,4.45,NUM,CD,nummod,d.dd,0.0
4.45%,%,1,1,1,%,NOUN,NN,ROOT,%,0.0
-4.22%,-4.22,1,1,5,-4.22,NUM,CD,nummod,-d.dd,0.0
-4.22%,%,1,1,1,%,NOUN,NN,ROOT,%,0.0
124.10%,124.10,1,1,6,124.10,NUM,CD,nummod,ddd.dd,0.0
124.10%,%,1,1,1,%,NOUN,NN,ROOT,%,0.0
5.29%,5.29,1,2,4,5.29,NUM,CD,nummod,d.dd,0.0
5.29%,%,1,2,1,%,NOUN,NN,ROOT,%,0.0
-13.50%,-13.50,1,1,6,-13.50,PUNCT,.,ROOT,-dd.dd,0.0
-13.50%,%,1,1,1,%,NOUN,NN,intj,%,0.0
31.98%,31.98,1,1,5,31.98,NUM,CD,nummod,dd.dd,0.0
31.98%,%,1,1,1,%,NOUN,NN,ROOT,%,0.0
-23.85%,-23.85,1,1,6,-23.85,NOUN,NN,ROOT,-dd.dd,0.0
-23.85%,%,1,1,1,%,INTJ,UH,intj,%,0.0
25.78%,25.78,1,1,5,25.78,NUM,CD,nummod,dd.dd,0.0
25.78%,%,1,1,1,%,NOUN,NN,ROOT,%,0.0
-3.93%,-3.93,1,1,5,-3.93,NUM,CD,nummod,-d.dd,0.0
-3.93%,%,1,1,1,%,NOUN,NN,ROOT,%,0.0
105.85%,105.85,1,1,6,105.85,NUM,CD,nummod,ddd.dd,0.0
105.85%,%,1,1,1,%,NOUN,NN,ROOT,%,0.0
15.67%,15.67,1,1,5,15.67,NUM,CD,nummod,dd.dd,0.0
15.67%,%,1,1,1,%,NOUN,NN,ROOT,%,0.0
-30.55%,-30.55,1,1,6,-30.55,PUNCT,:,ROOT,-dd.dd,0.0
-30.55%,%,1,1,1,%,INTJ,UH,intj,%,0.0
-25.91%,-25.91,1,1,6,-25.91,VERB,VBP,ROOT,-dd.dd,0.0
-25.91%,%,1,1,1,%,INTJ,UH,intj,%,0.0
45.53%,45.53,1,1,5,45.53,NUM,CD,nummod,dd.dd,0.0
45.53%,%,1,1,1,%,NOUN,NN,ROOT,%,0.0
-54.29%,-54.29,1,1,6,-54.29,NUM,CD,ROOT,-dd.dd,0.0
-54.29%,%,1,1,1,%,NOUN,NN,intj,%,0.0
-3.80%,-3.80,1,1,5,-3.80,NUM,CD,nummod,-d.dd,0.0
-3.80%,%,1,1,1,%,NOUN,NN,ROOT,%,0.0
7.06%,7.06,1,1,4,7.06,NUM,CD,nummod,d.dd,0.0
7.06%,%,1,1,1,%,NOUN,NN,ROOT,%,0.0
4.47%,4.47,1,1,4,4.47,NUM,CD,nummod,d.dd,0.0
4.47%,%,1,1,1,%,NOUN,NN,ROOT,%,0.0
-0.24%,-0.24,1,1,5,-0.24,NUM,CD,nummod,-d.dd,0.0
-0.24%,%,1,1,1,%,NOUN,NN,ROOT,%,0.0
60.11%,60.11,1,1,5,60.11,NUM,CD,nummod,dd.dd,0.0
60.11%,%,1,1,1,%,NOUN,NN,ROOT,%,0.0
-14.28%,-14.28,1,1,6,-14.28,NUM,CD,punct,-dd.dd,0.0
-14.28%,%,1,1,1,%,NOUN,NN,ROOT,%,0.0
-58.56%,-58.56,1,1,6,-58.56,PUNCT,``,punct,-dd.dd,0.0
-58.56%,%,1,1,1,%,NOUN,NN,ROOT,%,0.0
25.98%,25.98,1,1,5,25.98,NUM,CD,nummod,dd.dd,0.0
25.98%,%,1,1,1,%,NOUN,NN,ROOT,%,0.0
70.79%,70.79,1,1,5,70.79,NUM,CD,nummod,dd.dd,0.0
70.79%,%,1,1,1,%,NOUN,NN,ROOT,%,0.0
-0.48%,-0.48,1,1,5,-0.48,NUM,CD,nummod,-d.dd,0.0
-0.48%,%,1,1,1,%,NOUN,NN,ROOT,%,0.0
-4.96%,-4.96,1,1,5,-4.96,NUM,CD,ROOT,-d.dd,0.0
-4.96%,%,1,1,1,%,NOUN,NN,intj,%,0.0
-12.84%,-12.84,1,1,6,-12.84,VERB,VBP,ROOT,-dd.dd,0.0
-12.84%,%,1,1,1,%,NOUN,NN,intj,%,0.0
-19.76%,-19.76,1,1,6,-19.76,NUM,CD,ROOT,-dd.dd,0.0
-19.76%,%,1,1,1,%,NOUN,NN,intj,%,0.0
3.10%,3.10,1,1,4,3.10,NUM,CD,nummod,d.dd,0.0
3.10%,%,1,1,1,%,NOUN,NN,ROOT,%,0.0
-8.43%,-8.43,1,1,5,-8.43,NUM,CD,nummod,-d.dd,0.0
-8.43%,%,1,1,1,%,NOUN,NN,ROOT,%,0.0
-49.53%,-49.53,1,1,6,-49.53,NUM,CD,ROOT,-dd.dd,0.0
-49.53%,%,1,1,1,%,NOUN,NN,intj,%,0.0
1.45%,1.45,1,1,4,1.45,NUM,CD,nummod,d.dd,0.0
1.45%,%,1,1,1,%,NOUN,NN,ROOT,%,0.0
102.60%,102.60,1,1,6,102.60,NUM,CD,nummod,ddd.dd,0.0
102.60%,%,1,1,1,%,NOUN,NN,ROOT,%,0.0
-20.80%,-20.80,1,1,6,-20.80,NOUN,NN,ROOT,-dd.dd,0.0
-20.80%,%,1,1,1,%,NOUN,NN,intj,%,0.0
54.11%,54.11,1,1,5,54.11,NUM,CD,nummod,dd.dd,0.0
54.11%,%,1,1,1,%,NOUN,NN,ROOT,%,0.0
-14.37%,-14.37,1,1,6,-14.37,PUNCT,``,ROOT,-dd.dd,0.0
-14.37%,%,1,1,1,%,INTJ,UH,intj,%,0.0
-13.44%,-13.44,1,2,6,-13.44,PUNCT,NFP,ROOT,-dd.dd,0.0
-13.44%,%,1,2,1,%,NOUN,NN,intj,%,0.0
-32.41%,-32.41,1,1,6,-32.41,NOUN,NN,ROOT,-dd.dd,0.0
-32.41%,%,1,1,1,%,NOUN,NN,intj,%,0.0
-15.50%,-15.50,1,1,6,-15.50,PUNCT,NFP,punct,-dd.dd,0.0
-15.50%,%,1,1,1,%,NOUN,NN,ROOT,%,0.0
-55.97%,-55.97,1,1,6,-55.97,PUNCT,HYPH,ROOT,-dd.dd,0.0
-55.97%,%,1,1,1,%,NOUN,NN,intj,%,0.0
-37.66%,-37.66,1,1,6,-37.66,PUNCT,NFP,ROOT,-dd.dd,0.0
-37.66%,%,1,1,1,%,NOUN,NN,intj,%,0.0
-44.67%,-44.67,1,1,6,-44.67,VERB,VBP,ROOT,-dd.dd,0.0
-44.67%,%,1,1,1,%,NOUN,NN,intj,%,0.0
64.35%,64.35,1,1,5,64.35,NUM,CD,nummod,dd.dd,0.0
64.35%,%,1,1,1,%,NOUN,NN,ROOT,%,0.0
39.22%,39.22,1,1,5,39.22,NUM,CD,nummod,dd.dd,0.0
39.22%,%,1,1,1,%,NOUN,NN,ROOT,%,0.0
20.39%,20.39,1,1,5,20.39,NUM,CD,nummod,dd.dd,0.0
20.39%,%,1,1,1,%,NOUN,NN,ROOT,%,0.0
43.56%,43.56,1,1,5,43.56,NUM,CD,nummod,dd.dd,0.0
43.56%,%,1,1,1,%,NOUN,NN,ROOT,%,0.0
-5.37%,-5.37,1,1,5,-5.37,NUM,CD,nummod,-d.dd,0.0
-5.37%,%,1,1,1,%,NOUN,NN,ROOT,%,0.0
-24.52%,-24.52,1,1,6,-24.52,NOUN,NN,ROOT,-dd.dd,0.0
-24.52%,%,1,1,1,%,NOUN,NN,intj,%,0.0
2.58%,2.58,1,1,4,2.58,NUM,CD,nummod,d.dd,0.0
2.58%,%,1,1,1,%,NOUN,NN,ROOT,%,0.0
-5.36%,-5.36,1,1,5,-5.36,NUM,CD,nummod,-d.dd,0.0
-5.36%,%,1,1,1,%,NOUN,NN,ROOT,%,0.0
148.87%,148.87,1,1,6,148.87,NUM,CD,nummod,ddd.dd,0.0
148.87%,%,1,1,1,%,NOUN,NN,ROOT,%,0.0
50.73%,50.73,1,1,5,50.73,NUM,CD,nummod,dd.dd,0.0
50.73%,%,1,1,1,%,NOUN,NN,ROOT,%,0.0
-16.15%,-16.15,1,1,6,-16.15,NUM,CD,ROOT,-dd.dd,0.0
-16.15%,%,1,1,1,%,NOUN,NN,intj,%,0.0
49.90%,49.90,1,1,5,49.90,NUM,CD,nummod,dd.dd,0.0
49.90%,%,1,1,1,%,NOUN,NN,ROOT,%,0.0
-29.61%,-29.61,1,1,6,-29.61,NUM,CD,ROOT,-dd.dd,0.0
-29.61%,%,1,1,1,%,INTJ,UH,intj,%,0.0
16.87%,16.87,1,1,5,16.87,NUM,CD,nummod,dd.dd,0.0
16.87%,%,1,1,1,%,NOUN,NN,ROOT,%,0.0
-67.78%,-67.78,1,1,6,-67.78,VERB,VBP,ROOT,-dd.dd,0.0
-67.78%,%,1,1,1,%,INTJ,UH,intj,%,0.0
15.25%,15.25,1,1,5,15.25,NUM,CD,nummod,dd.dd,0.0
15.25%,%,1,1,1,%,NOUN,NN,ROOT,%,0.0
7.91%,7.91,1,1,4,7.91,NUM,CD,nummod,d.dd,0.0
7.91%,%,1,1,1,%,NOUN,NN,ROOT,%,0.0
78.62%,78.62,1,1,5,78.62,NUM,CD,nummod,dd.dd,0.0
78.62%,%,1,1,1,%,NOUN,NN,ROOT,%,0.0
385.80%,385.80,1,1,6,385.80,NUM,CD,nummod,ddd.dd,0.0
385.80%,%,1,1,1,%,NOUN,NN,ROOT,%,0.0
-17.85%,-17.85,1,1,6,-17.85,NUM,CD,ROOT,-dd.dd,0.0
-17.85%,%,1,1,1,%,INTJ,UH,intj,%,0.0
62.02%,62.02,1,1,5,62.02,NUM,CD,nummod,dd.dd,0.0
62.02%,%,1,1,1,%,NOUN,NN,ROOT,%,0.0
-78.19%,-78.19,1,1,6,-78.19,NOUN,NN,ROOT,-dd.dd,0.0
-78.19%,%,1,1,1,%,INTJ,UH,intj,%,0.0
88.85%,88.85,1,1,5,88.85,NUM,CD,nummod,dd.dd,0.0
88.85%,%,1,1,1,%,NOUN,NN,ROOT,%,0.0
-6.24%,-6.24,1,1,5,-6.24,NUM,CD,nummod,-d.dd,0.0
-6.24%,%,1,1,1,%,NOUN,NN,ROOT,%,0.0
2%,2,1,1,1,2,NUM,CD,nummod,d,0.0
2%,%,1,1,1,%,NOUN,NN,ROOT,%,0.0
-51.23%,-51.23,1,1,6,-51.23,VERB,VBP,ROOT,-dd.dd,0.0
-51.23%,%,1,1,1,%,INTJ,UH,intj,%,0.0
-1.29%,-1.29,1,1,5,-1.29,NUM,CD,nummod,-d.dd,0.0
-1.29%,%,1,1,1,%,NOUN,NN,ROOT,%,0.0
62.26%,62.26,1,1,5,62.26,NUM,CD,nummod,dd.dd,0.0
62.26%,%,1,1,1,%,NOUN,NN,ROOT,%,0.0
245.56%,245.56,1,1,6,245.56,NUM,CD,nummod,ddd.dd,0.0
245.56%,%,1,1,1,%,NOUN,NN,ROOT,%,0.0
12.67%,12.67,1,1,5,12.67,NUM,CD,nummod,dd.dd,0.0
12.67%,%,1,1,1,%,NOUN,NN,ROOT,%,0.0
-16.54%,-16.54,1,1,6,-16.54,INTJ,UH,ROOT,-dd.dd,0.0
-16.54%,%,1,1,1,%,INTJ,UH,intj,%,0.0
120.45%,120.45,1,1,6,120.45,NUM,CD,nummod,ddd.dd,0.0
120.45%,%,1,1,1,%,NOUN,NN,ROOT,%,0.0
33.35%,33.35,1,1,5,33.35,NUM,CD,nummod,dd.dd,0.0
33.35%,%,1,1,1,%,NOUN,NN,ROOT,%,0.0
-36.88%,-36.88,1,1,6,-36.88,PUNCT,``,ROOT,-dd.dd,0.0
-36.88%,%,1,1,1,%,NOUN,NN,intj,%,0.0
-8.19%,-8.19,1,1,5,-8.19,NUM,CD,nummod,-d.dd,0.0
-8.19%,%,1,1,1,%,NOUN,NN,ROOT,%,0.0
-70%,-70,1,1,3,-70,SPACE,_SP,ROOT,-dd,0.0
-70%,%,1,1,1,%,NOUN,NN,intj,%,0.0
-8.58%,-8.58,1,1,5,-8.58,NUM,CD,nummod,-d.dd,0.0
-8.58%,%,1,1,1,%,NOUN,NN,ROOT,%,0.0
2.24%,2.24,1,1,4,2.24,NUM,CD,nummod,d.dd,0.0
2.24%,%,1,1,1,%,NOUN,NN,ROOT,%,0.0
23.10%,23.10,1,1,5,23.10,NUM,CD,nummod,dd.dd,0.0
23.10%,%,1,1,1,%,NOUN,NN,ROOT,%,0.0
-13.73%,-13.73,1,1,6,-13.73,PUNCT,NFP,ROOT,-dd.dd,0.0
-13.73%,%,1,1,1,%,INTJ,UH,intj,%,0.0
-11.70%,-11.70,1,1,6,-11.70,PUNCT,``,punct,-dd.dd,0.0
-11.70%,%,1,1,1,%,INTJ,UH,ROOT,%,0.0
-0.67%,-0.67,1,1,5,-0.67,NUM,CD,nummod,-d.dd,0.0
-0.67%,%,1,1,1,%,NOUN,NN,ROOT,%,0.0
-43.04%,-43.04,1,1,6,-43.04,NUM,CD,ROOT,-dd.dd,0.0
-43.04%,%,1,1,1,%,NOUN,NN,intj,%,0.0
-22.54%,-22.54,1,1,6,-22.54,VERB,VBP,ROOT,-dd.dd,0.0
-22.54%,%,1,1,1,%,INTJ,UH,intj,%,0.0
249.08%,249.08,1,1,6,249.08,NUM,CD,nummod,ddd.dd,0.0
249.08%,%,1,1,1,%,NOUN,NN,ROOT,%,0.0
-11.92%,-11.92,1,1,6,-11.92,NUM,CD,ROOT,-dd.dd,0.0
-11.92%,%,1,1,1,%,NOUN,NN,intj,%,0.0
-35.27%,-35.27,1,1,6,-35.27,PUNCT,.,punct,-dd.dd,0.0
-35.27%,%,1,1,1,%,NOUN,NN,ROOT,%,0.0
20.68%,20.68,1,1,5,20.68,NUM,CD,nummod,dd.dd,0.0
20.68%,%,1,1,1,%,NOUN,NN,ROOT,%,0.0
-39.67%,-39.67,1,1,6,-39.67,VERB,VBP,ROOT,-dd.dd,0.0
-39.67%,%,1,1,1,%,NOUN,NN,intj,%,0.0
-57.15%,-57.15,1,1,6,-57.15,PUNCT,NFP,ROOT,-dd.dd,0.0
-57.15%,%,1,1,1,%,NOUN,NN,intj,%,0.0
13.20%,13.20,1,1,5,13.20,NUM,CD,nummod,dd.dd,0.0
13.20%,%,1,1,1,%,NOUN,NN,ROOT,%,0.0
-40.19%,-40.19,1,1,6,-40.19,PUNCT,-LRB-,ROOT,-dd.dd,0.0
-40.19%,%,1,1,1,%,INTJ,UH,intj,%,0.0
87.42%,87.42,1,1,5,87.42,NUM,CD,nummod,dd.dd,0.0
87.42%,%,1,1,1,%,NOUN,NN,ROOT,%,0.0
67.68%,67.68,1,1,5,67.68,NUM,CD,nummod,dd.dd,0.0
67.68%,%,1,1,1,%,NOUN,NN,ROOT,%,0.0
-7.12%,-7.12,1,2,5,-7.12,NUM,CD,nummod,-d.dd,0.0
-7.12%,%,1,2,1,%,NOUN,NN,ROOT,%,0.0
-44.58%,-44.58,1,1,6,-44.58,PUNCT,.,ROOT,-dd.dd,0.0
-44.58%,%,1,1,1,%,NOUN,NN,intj,%,0.0
24.30%,24.30,1,1,5,24.30,NUM,CD,nummod,dd.dd,0.0
24.30%,%,1,1,1,%,NOUN,NN,ROOT,%,0.0
-2.29%,-2.29,1,1,5,-2.29,NUM,CD,nummod,-d.dd,0.0
-2.29%,%,1,1,1,%,NOUN,NN,ROOT,%,0.0
-37.07%,-37.07,1,1,6,-37.07,PUNCT,NFP,ROOT,-dd.dd,0.0
-37.07%,%,1,1,1,%,INTJ,UH,intj,%,0.0
-77.78%,-77.78,1,1,6,-77.78,VERB,VBP,ROOT,-dd.dd,0.0
-77.78%,%,1,1,1,%,INTJ,UH,intj,%,0.0
-23.71%,-23.71,1,1,6,-23.71,PUNCT,``,ROOT,-dd.dd,0.0
-23.71%,%,1,1,1,%,INTJ,UH,intj,%,0.0
-30.39%,-30.39,1,1,6,-30.39,PUNCT,NFP,ROOT,-dd.dd,0.0
-30.39%,%,1,1,1,%,NOUN,NN,intj,%,0.0
-29.38%,-29.38,1,1,6,-29.38,PUNCT,NFP,ROOT,-dd.dd,0.0
-29.38%,%,1,1,1,%,INTJ,UH,intj,%,0.0
-9.06%,-9.06,1,1,5,-9.06,NUM,CD,nummod,-d.dd,0.0
-9.06%,%,1,1,1,%,NOUN,NN,ROOT,%,0.0
-25.51%,-25.51,1,1,6,-25.51,NOUN,NN,ROOT,-dd.dd,0.0
-25.51%,%,1,1,1,%,NOUN,NN,intj,%,0.0
120.44%,120.44,1,1,6,120.44,NUM,CD,nummod,ddd.dd,0.0
120.44%,%,1,1,1,%,NOUN,NN,ROOT,%,0.0
2.92%,2.92,1,1,4,2.92,NUM,CD,nummod,d.dd,0.0
2.92%,%,1,1,1,%,NOUN,NN,ROOT,%,0.0
3.29%,3.29,1,1,4,3.29,NUM,CD,nummod,d.dd,0.0
3.29%,%,1,1,1,%,NOUN,NN,ROOT,%,0.0
-32.34%,-32.34,1,1,6,-32.34,PUNCT,NFP,ROOT,-dd.dd,0.0
-32.34%,%,1,1,1,%,NOUN,NN,intj,%,0.0
15.61%,15.61,1,1,5,15.61,NUM,CD,nummod,dd.dd,0.0
15.61%,%,1,1,1,%,NOUN,NN,ROOT,%,0.0
-10.21%,-10.21,1,1,6,-10.21,NUM,CD,ROOT,-dd.dd,0.0
-10.21%,%,1,1,1,%,NOUN,NN,intj,%,0.0
-53.87%,-53.87,1,1,6,-53.87,PUNCT,``,punct,-dd.dd,0.0
-53.87%,%,1,1,1,%,INTJ,UH,ROOT,%,0.0
-16.68%,-16.68,1,1,6,-16.68,PUNCT,:,ROOT,-dd.dd,0.0
-16.68%,%,1,1,1,%,NOUN,NN,intj,%,0.0
-54.54%,-54.54,1,1,6,-54.54,NUM,CD,ROOT,-dd.dd,0.0
-54.54%,%,1,1,1,%,NOUN,NN,intj,%,0.0
-12.88%,-12.88,1,1,6,-12.88,PUNCT,``,ROOT,-dd.dd,0.0
-12.88%,%,1,1,1,%,INTJ,UH,punct,%,0.0
-56.47%,-56.47,1,1,6,-56.47,PUNCT,.,punct,-dd.dd,0.0
-56.47%,%,1,1,1,%,NOUN,NN,ROOT,%,0.0
-57.65%,-57.65,1,1,6,-57.65,VERB,VBP,ROOT,-dd.dd,0.0
-57.65%,%,1,1,1,%,INTJ,UH,intj,%,0.0
4.12%,4.12,1,1,4,4.12,NUM,CD,nummod,d.dd,0.0
4.12%,%,1,1,1,%,NOUN,NN,ROOT,%,0.0
-46.52%,-46.52,1,1,6,-46.52,PUNCT,NFP,ROOT,-dd.dd,0.0
-46.52%,%,1,1,1,%,NOUN,NN,intj,%,0.0
1.74%,1.74,1,1,4,1.74,NUM,CD,nummod,d.dd,0.0
1.74%,%,1,1,1,%,NOUN,NN,ROOT,%,0.0
-5.27%,-5.27,1,1,5,-5.27,NUM,CD,nummod,-d.dd,0.0
-5.27%,%,1,1,1,%,NOUN,NN,ROOT,%,0.0
14%,14,1,1,2,14,NUM,CD,nummod,dd,0.0
14%,%,1,1,1,%,NOUN,NN,ROOT,%,0.0
-10.55%,-10.55,1,1,6,-10.55,PUNCT,-LRB-,ROOT,-dd.dd,0.0
-10.55%,%,1,1,1,%,NOUN,NN,intj,%,0.0
206.61%,206.61,1,1,6,206.61,NUM,CD,nummod,ddd.dd,0.0
206.61%,%,1,1,1,%,NOUN,NN,ROOT,%,0.0
-42.10%,-42.10,1,1,6,-42.10,VERB,VBP,ROOT,-dd.dd,0.0
-42.10%,%,1,1,1,%,INTJ,UH,intj,%,0.0
-74%,-74,1,1,3,-74,X,XX,ROOT,-dd,0.0
-74%,%,1,1,1,%,NOUN,NN,intj,%,0.0
-16.32%,-16.32,1,1,6,-16.32,PUNCT,``,ROOT,-dd.dd,0.0
-16.32%,%,1,1,1,%,NOUN,NN,intj,%,0.0
-38.07%,-38.07,1,1,6,-38.07,PUNCT,:,ROOT,-dd.dd,0.0
-38.07%,%,1,1,1,%,INTJ,UH,intj,%,0.0
110.35%,110.35,1,1,6,110.35,NUM,CD,nummod,ddd.dd,0.0
110.35%,%,1,1,1,%,NOUN,NN,ROOT,%,0.0
300.71%,300.71,1,1,6,300.71,NUM,CD,nummod,ddd.dd,0.0
300.71%,%,1,1,1,%,NOUN,NN,ROOT,%,0.0
-16.03%,-16.03,1,1,6,-16.03,PUNCT,.,punct,-dd.dd,0.0
-16.03%,%,1,1,1,%,INTJ,UH,ROOT,%,0.0
12.38%,12.38,1,1,5,12.38,NUM,CD,nummod,dd.dd,0.0
12.38%,%,1,1,1,%,NOUN,NN,ROOT,%,0.0
-27.97%,-27.97,1,1,6,-27.97,SYM,SYM,ROOT,-dd.dd,0.0
-27.97%,%,1,1,1,%,NOUN,NN,intj,%,0.0
100%,100,1,3,3,100,NUM,CD,nummod,ddd,0.0
100%,%,1,3,1,%,NOUN,NN,ROOT,%,0.0
-38.67%,-38.67,1,1,6,-38.67,VERB,VBP,ROOT,-dd.dd,0.0
-38.67%,%,1,1,1,%,INTJ,UH,intj,%,0.0
-51.97%,-51.97,1,1,6,-51.97,SYM,SYM,ROOT,-dd.dd,0.0
-51.97%,%,1,1,1,%,NOUN,NN,intj,%,0.0
18.97%,18.97,1,1,5,18.97,NUM,CD,nummod,dd.dd,0.0
18.97%,%,1,1,1,%,NOUN,NN,ROOT,%,0.0
19.19%,19.19,1,1,5,19.19,NUM,CD,nummod,dd.dd,0.0
19.19%,%,1,1,1,%,NOUN,NN,ROOT,%,0.0
8.26%,8.26,1,1,4,8.26,NUM,CD,nummod,d.dd,0.0
8.26%,%,1,1,1,%,NOUN,NN,ROOT,%,0.0
-4.18%,-4.18,1,1,5,-4.18,NUM,CD,nummod,-d.dd,0.0
-4.18%,%,1,1,1,%,NOUN,NN,ROOT,%,0.0
-29.87%,-29.87,1,1,6,-29.87,NUM,CD,ROOT,-dd.dd,0.0
-29.87%,%,1,1,1,%,NOUN,NN,intj,%,0.0
5.18%,5.18,1,1,4,5.18,NUM,CD,nummod,d.dd,0.0
5.18%,%,1,1,1,%,NOUN,NN,ROOT,%,0.0
-57.82%,-57.82,1,1,6,-57.82,NUM,CD,ROOT,-dd.dd,0.0
-57.82%,%,1,1,1,%,NOUN,NN,intj,%,0.0
16.34%,16.34,1,1,5,16.34,NUM,CD,nummod,dd.dd,0.0
16.34%,%,1,1,1,%,NOUN,NN,ROOT,%,0.0
-70.93%,-70.93,1,1,6,-70.93,PUNCT,NFP,ROOT,-dd.dd,0.0
-70.93%,%,1,1,1,%,INTJ,UH,intj,%,0.0
-16.96%,-16.96,1,1,6,-16.96,NUM,CD,ROOT,-dd.dd,0.0
-16.96%,%,1,1,1,%,INTJ,UH,intj,%,0.0
23.62%,23.62,1,1,5,23.62,NUM,CD,nummod,dd.dd,0.0
23.62%,%,1,1,1,%,NOUN,NN,ROOT,%,0.0
8.19%,8.19,1,1,4,8.19,NUM,CD,nummod,d.dd,0.0
8.19%,%,1,1,1,%,NOUN,NN,ROOT,%,0.0
-59.43%,-59.43,1,1,6,-59.43,VERB,VBP,ROOT,-dd.dd,0.0
-59.43%,%,1,1,1,%,INTJ,UH,intj,%,0.0
-52.51%,-52.51,1,1,6,-52.51,NUM,CD,ROOT,-dd.dd,0.0
-52.51%,%,1,1,1,%,NOUN,NN,intj,%,0.0
14.07%,14.07,1,1,5,14.07,NUM,CD,nummod,dd.dd,0.0
14.07%,%,1,1,1,%,NOUN,NN,ROOT,%,0.0
-33.09%,-33.09,1,1,6,-33.09,NUM,CD,ROOT,-dd.dd,0.0
-33.09%,%,1,1,1,%,NOUN,NN,intj,%,0.0
2.55%,2.55,1,1,4,2.55,NUM,CD,nummod,d.dd,0.0
2.55%,%,1,1,1,%,NOUN,NN,ROOT,%,0.0
48.05%,48.05,1,1,5,48.05,NUM,CD,nummod,dd.dd,0.0
48.05%,%,1,1,1,%,NOUN,NN,ROOT,%,0.0
18.58%,18.58,1,1,5,18.58,NUM,CD,nummod,dd.dd,0.0
18.58%,%,1,1,1,%,NOUN,NN,ROOT,%,0.0
-50.09%,-50.09,1,1,6,-50.09,NUM,CD,ROOT,-dd.dd,0.0
-50.09%,%,1,1,1,%,NOUN,NN,intj,%,0.0
188.74%,188.74,1,1,6,188.74,NUM,CD,nummod,ddd.dd,0.0
188.74%,%,1,1,1,%,NOUN,NN,ROOT,%,0.0
8.87%,8.87,1,1,4,8.87,NUM,CD,nummod,d.dd,0.0
8.87%,%,1,1,1,%,NOUN,NN,ROOT,%,0.0
-60.16%,-60.16,1,1,6,-60.16,PUNCT,NFP,ROOT,-dd.dd,0.0
-60.16%,%,1,1,1,%,INTJ,UH,intj,%,0.0
-28.32%,-28.32,1,1,6,-28.32,INTJ,UH,ROOT,-dd.dd,0.0
-28.32%,%,1,1,1,%,INTJ,UH,intj,%,0.0
-47%,-47,1,1,3,-47,X,XX,ROOT,-dd,0.0
-47%,%,1,1,1,%,NOUN,NN,intj,%,0.0
17.53%,17.53,1,1,5,17.53,NUM,CD,nummod,dd.dd,0.0
17.53%,%,1,1,1,%,NOUN,NN,ROOT,%,0.0
-54.32%,-54.32,1,1,6,-54.32,NUM,CD,ROOT,-dd.dd,0.0
-54.32%,%,1,1,1,%,NOUN,NN,intj,%,0.0
-37.30%,-37.30,1,1,6,-37.30,NUM,CD,ROOT,-dd.dd,0.0
-37.30%,%,1,1,1,%,NOUN,NN,intj,%,0.0
199.90%,199.90,1,1,6,199.90,NUM,CD,nummod,ddd.dd,0.0
199.90%,%,1,1,1,%,NOUN,NN,ROOT,%,0.0
-73.99%,-73.99,1,1,6,-73.99,PUNCT,.,ROOT,-dd.dd,0.0
-73.99%,%,1,1,1,%,NOUN,NN,intj,%,0.0
71.80%,71.80,1,1,5,71.80,NUM,CD,nummod,dd.dd,0.0
71.80%,%,1,1,1,%,NOUN,NN,ROOT,%,0.0
129.53%,129.53,1,1,6,129.53,NUM,CD,nummod,ddd.dd,0.0
129.53%,%,1,1,1,%,NOUN,NN,ROOT,%,0.0
-51.79%,-51.79,1,1,6,-51.79,PUNCT,``,ROOT,-dd.dd,0.0
-51.79%,%,1,1,1,%,NOUN,NN,punct,%,0.0
-44.03%,-44.03,1,1,6,-44.03,VERB,VBP,ROOT,-dd.dd,0.0
-44.03%,%,1,1,1,%,NOUN,NN,intj,%,0.0
-5.80%,-5.80,1,1,5,-5.80,NUM,CD,nummod,-d.dd,0.0
-5.80%,%,1,1,1,%,NOUN,NN,ROOT,%,0.0
58.79%,58.79,1,1,5,58.79,NUM,CD,nummod,dd.dd,0.0
58.79%,%,1,1,1,%,NOUN,NN,ROOT,%,0.0
-26.66%,-26.66,1,1,6,-26.66,SYM,SYM,ROOT,-dd.dd,0.0
-26.66%,%,1,1,1,%,NOUN,NN,intj,%,0.0
-13.27%,-13.27,1,1,6,-13.27,PUNCT,.,ROOT,-dd.dd,0.0
-13.27%,%,1,1,1,%,INTJ,UH,intj,%,0.0
-35.20%,-35.20,1,1,6,-35.20,NUM,CD,ROOT,-dd.dd,0.0
-35.20%,%,1,1,1,%,NOUN,NN,intj,%,0.0
-41.13%,-41.13,1,1,6,-41.13,PUNCT,NFP,ROOT,-dd.dd,0.0
-41.13%,%,1,1,1,%,INTJ,UH,intj,%,0.0
77.14%,77.14,1,1,5,77.14,NUM,CD,nummod,dd.dd,0.0
77.14%,%,1,1,1,%,NOUN,NN,ROOT,%,0.0
6.16%,6.16,1,1,4,6.16,NUM,CD,nummod,d.dd,0.0
6.16%,%,1,1,1,%,NOUN,NN,ROOT,%,0.0
-59.80%,-59.80,1,1,6,-59.80,ADP,IN,ROOT,-dd.dd,0.0
-59.80%,%,1,1,1,%,NOUN,NN,intj,%,0.0
19.57%,19.57,1,1,5,19.57,NUM,CD,nummod,dd.dd,0.0
19.57%,%,1,1,1,%,NOUN,NN,ROOT,%,0.0
1.32%,1.32,1,1,4,1.32,NUM,CD,nummod,d.dd,0.0
1.32%,%,1,1,1,%,NOUN,NN,ROOT,%,0.0
5.03%,5.03,1,1,4,5.03,NUM,CD,nummod,d.dd,0.0
5.03%,%,1,1,1,%,NOUN,NN,ROOT,%,0.0
0.05%,0.05,1,1,4,0.05,NUM,CD,nummod,d.dd,0.0
0.05%,%,1,1,1,%,NOUN,NN,ROOT,%,0.0
75%,75,1,1,2,75,NUM,CD,nummod,dd,0.0
75%,%,1,1,1,%,NOUN,NN,ROOT,%,0.0
10.85%,10.85,1,1,5,10.85,NUM,CD,nummod,dd.dd,0.0
10.85%,%,1,1,1,%,NOUN,NN,ROOT,%,0.0
-7.70%,-7.70,1,1,5,-7.70,NUM,CD,nummod,-d.dd,0.0
-7.70%,%,1,1,1,%,NOUN,NN,ROOT,%,0.0
33.45%,33.45,1,1,5,33.45,NUM,CD,nummod,dd.dd,0.0
33.45%,%,1,1,1,%,NOUN,NN,ROOT,%,0.0
-69.82%,-69.82,1,1,6,-69.82,PUNCT,.,ROOT,-dd.dd,0.0
-69.82%,%,1,1,1,%,INTJ,UH,intj,%,0.0
-12.04%,-12.04,1,1,6,-12.04,VERB,VBP,ROOT,-dd.dd,0.0
-12.04%,%,1,1,1,%,INTJ,UH,intj,%,0.0
-91.05%,-91.05,1,1,6,-91.05,NUM,CD,ROOT,-dd.dd,0.0
-91.05%,%,1,1,1,%,NOUN,NN,intj,%,0.0
107.95%,107.95,1,1,6,107.95,NUM,CD,nummod,ddd.dd,0.0
107.95%,%,1,1,1,%,NOUN,NN,ROOT,%,0.0
500%,500,1,1,3,500,NUM,CD,nummod,ddd,0.0
500%,%,1,1,1,%,NOUN,NN,ROOT,%,0.0
-55.56%,-55.56,1,1,6,-55.56,PUNCT,NFP,ROOT,-dd.dd,0.0
-55.56%,%,1,1,1,%,NOUN,NN,intj,%,0.0
-44.23%,-44.23,1,1,6,-44.23,NOUN,NNS,ROOT,-dd.dd,0.0
-44.23%,%,1,1,1,%,NOUN,NN,intj,%,0.0
-9.31%,-9.31,1,1,5,-9.31,NUM,CD,nummod,-d.dd,0.0
-9.31%,%,1,1,1,%,NOUN,NN,ROOT,%,0.0
-3.87%,-3.87,1,1,5,-3.87,NUM,CD,nummod,-d.dd,0.0
-3.87%,%,1,1,1,%,NOUN,NN,ROOT,%,0.0
-66.67%,-66.67,1,4,6,-66.67,VERB,VBP,ROOT,-dd.dd,0.0
-66.67%,%,1,4,1,%,NOUN,NN,intj,%,0.0
-18.82%,-18.82,1,1,6,-18.82,PUNCT,NFP,ROOT,-dd.dd,0.0
-18.82%,%,1,1,1,%,NOUN,NN,intj,%,0.0
-18.33%,-18.33,1,1,6,-18.33,PUNCT,NFP,ROOT,-dd.dd,0.0
-18.33%,%,1,1,1,%,INTJ,UH,intj,%,0.0
-50%,-50,1,4,3,-50,SPACE,_SP,ROOT,-dd,0.0
-50%,%,1,4,1,%,NOUN,NN,intj,%,0.0
-37.04%,-37.04,1,1,6,-37.04,VERB,VBP,ROOT,-dd.dd,0.0
-37.04%,%,1,1,1,%,INTJ,UH,intj,%,0.0
-16%,-16,1,1,3,-16,X,XX,ROOT,-dd,0.0
-16%,%,1,1,1,%,NOUN,NN,intj,%,0.0
-54.40%,-54.40,1,1,6,-54.40,VERB,VBP,ROOT,-dd.dd,0.0
-54.40%,%,1,1,1,%,INTJ,UH,intj,%,0.0
-12.57%,-12.57,1,1,6,-12.57,PUNCT,NFP,ROOT,-dd.dd,0.0
-12.57%,%,1,1,1,%,INTJ,UH,intj,%,0.0
33.27%,33.27,1,1,5,33.27,NUM,CD,nummod,dd.dd,0.0
33.27%,%,1,1,1,%,NOUN,NN,ROOT,%,0.0
-81.44%,-81.44,1,1,6,-81.44,PUNCT,.,ROOT,-dd.dd,0.0
-81.44%,%,1,1,1,%,INTJ,UH,intj,%,0.0
30.51%,30.51,1,1,5,30.51,NUM,CD,nummod,dd.dd,0.0
30.51%,%,1,1,1,%,NOUN,NN,ROOT,%,0.0
-67.58%,-67.58,1,1,6,-67.58,NUM,CD,ROOT,-dd.dd,0.0
-67.58%,%,1,1,1,%,INTJ,UH,intj,%,0.0
-15.82%,-15.82,1,1,6,-15.82,PUNCT,.,punct,-dd.dd,0.0
-15.82%,%,1,1,1,%,NOUN,NN,ROOT,%,0.0
198.45%,198.45,1,1,6,198.45,NUM,CD,nummod,ddd.dd,0.0
198.45%,%,1,1,1,%,NOUN,NN,ROOT,%,0.0
-33.73%,-33.73,1,1,6,-33.73,PUNCT,:,ROOT,-dd.dd,0.0
-33.73%,%,1,1,1,%,NOUN,NN,intj,%,0.0
6.01%,6.01,1,1,4,6.01,NUM,CD,nummod,d.dd,0.0
6.01%,%,1,1,1,%,NOUN,NN,ROOT,%,0.0
-41.80%,-41.80,1,1,6,-41.80,PROPN,NNP,ROOT,-dd.dd,0.0
-41.80%,%,1,1,1,%,INTJ,UH,intj,%,0.0
-63.08%,-63.08,1,1,6,-63.08,NUM,CD,ROOT,-dd.dd,0.0
-63.08%,%,1,1,1,%,NOUN,NN,intj,%,0.0
111.75%,111.75,1,1,6,111.75,NUM,CD,nummod,ddd.dd,0.0
111.75%,%,1,1,1,%,NOUN,NN,ROOT,%,0.0
-43.98%,-43.98,1,1,6,-43.98,PUNCT,:,ROOT,-dd.dd,0.0
-43.98%,%,1,1,1,%,INTJ,UH,intj,%,0.0
-45.17%,-45.17,1,1,6,-45.17,NOUN,NN,ROOT,-dd.dd,0.0
-45.17%,%,1,1,1,%,INTJ,UH,intj,%,0.0
23.60%,23.60,1,1,5,23.60,NUM,CD,nummod,dd.dd,0.0
23.60%,%,1,1,1,%,NOUN,NN,ROOT,%,0.0
-17.38%,-17.38,1,1,6,-17.38,VERB,VBP,ROOT,-dd.dd,0.0
-17.38%,%,1,1,1,%,NOUN,NN,intj,%,0.0
-27.32%,-27.32,1,1,6,-27.32,PART,TO,punct,-dd.dd,0.0
-27.32%,%,1,1,1,%,NOUN,NN,ROOT,%,0.0
70.76%,70.76,1,1,5,70.76,NUM,CD,nummod,dd.dd,0.0
70.76%,%,1,1,1,%,NOUN,NN,ROOT,%,0.0
-59.83%,-59.83,1,1,6,-59.83,VERB,VBP,ROOT,-dd.dd,0.0
-59.83%,%,1,1,1,%,INTJ,UH,intj,%,0.0
-16.52%,-16.52,1,1,6,-16.52,PUNCT,.,ROOT,-dd.dd,0.0
-16.52%,%,1,1,1,%,INTJ,UH,intj,%,0.0
-25.65%,-25.65,1,1,6,-25.65,VERB,VBP,ROOT,-dd.dd,0.0
-25.65%,%,1,1,1,%,INTJ,UH,intj,%,0.0
97.28%,97.28,1,1,5,97.28,NUM,CD,nummod,dd.dd,0.0
97.28%,%,1,1,1,%,NOUN,NN,ROOT,%,0.0
-5.21%,-5.21,1,1,5,-5.21,NUM,CD,nummod,-d.dd,0.0
-5.21%,%,1,1,1,%,NOUN,NN,ROOT,%,0.0
52.81%,52.81,1,1,5,52.81,NUM,CD,nummod,dd.dd,0.0
52.81%,%,1,1,1,%,NOUN,NN,ROOT,%,0.0
-84.04%,-84.04,1,1,6,-84.04,NUM,CD,ROOT,-dd.dd,0.0
-84.04%,%,1,1,1,%,NOUN,NN,intj,%,0.0
25.37%,25.37,1,1,5,25.37,NUM,CD,nummod,dd.dd,0.0
25.37%,%,1,1,1,%,NOUN,NN,ROOT,%,0.0
80.21%,80.21,1,1,5,80.21,NUM,CD,nummod,dd.dd,0.0
80.21%,%,1,1,1,%,NOUN,NN,ROOT,%,0.0
0.90%,0.90,1,1,4,0.90,NUM,CD,nummod,d.dd,0.0
0.90%,%,1,1,1,%,NOUN,NN,ROOT,%,0.0
-2.94%,-2.94,1,1,5,-2.94,NUM,CD,nummod,-d.dd,0.0
-2.94%,%,1,1,1,%,NOUN,NN,ROOT,%,0.0
-15.91%,-15.91,1,1,6,-15.91,PUNCT,NFP,ROOT,-dd.dd,0.0
-15.91%,%,1,1,1,%,INTJ,UH,intj,%,0.0
-31.76%,-31.76,1,1,6,-31.76,NUM,CD,ROOT,-dd.dd,0.0
-31.76%,%,1,1,1,%,NOUN,NN,intj,%,0.0
-6.50%,-6.50,1,1,5,-6.50,NUM,CD,nummod,-d.dd,0.0
-6.50%,%,1,1,1,%,NOUN,NN,ROOT,%,0.0
-50.32%,-50.32,1,1,6,-50.32,PUNCT,.,ROOT,-dd.dd,0.0
-50.32%,%,1,1,1,%,NOUN,NN,intj,%,0.0
15.80%,15.80,1,1,5,15.80,NUM,CD,nummod,dd.dd,0.0
15.80%,%,1,1,1,%,NOUN,NN,ROOT,%,0.0
-48.08%,-48.08,1,1,6,-48.08,NUM,CD,punct,-dd.dd,0.0
-48.08%,%,1,1,1,%,NOUN,NN,ROOT,%,0.0
32.66%,32.66,1,1,5,32.66,NUM,CD,nummod,dd.dd,0.0
32.66%,%,1,1,1,%,NOUN,NN,ROOT,%,0.0
418.92%,418.92,1,1,6,418.92,NUM,CD,nummod,ddd.dd,0.0
418.92%,%,1,1,1,%,NOUN,NN,ROOT,%,0.0
-36.57%,-36.57,1,1,6,-36.57,INTJ,UH,ROOT,-dd.dd,0.0
-36.57%,%,1,1,1,%,INTJ,UH,intj,%,0.0
-23.25%,-23.25,1,1,6,-23.25,NUM,CD,ROOT,-dd.dd,0.0
-23.25%,%,1,1,1,%,INTJ,UH,intj,%,0.0
1325.31%,1325.31,1,1,7,1325.31,NUM,CD,nummod,dddd.dd,0.0
1325.31%,%,1,1,1,%,NOUN,NN,ROOT,%,0.0
95.90%,95.90,1,1,5,95.90,NUM,CD,nummod,dd.dd,0.0
95.90%,%,1,1,1,%,NOUN,NN,ROOT,%,0.0
-2.17%,-2.17,1,1,5,-2.17,NUM,CD,nummod,-d.dd,0.0
-2.17%,%,1,1,1,%,NOUN,NN,ROOT,%,0.0
10.23%,10.23,1,1,5,10.23,NUM,CD,nummod,dd.dd,0.0
10.23%,%,1,1,1,%,NOUN,NN,ROOT,%,0.0
67.23%,67.23,1,1,5,67.23,NUM,CD,nummod,dd.dd,0.0
67.23%,%,1,1,1,%,NOUN,NN,ROOT,%,0.0
-73.63%,-73.63,1,1,6,-73.63,NUM,CD,ROOT,-dd.dd,0.0
-73.63%,%,1,1,1,%,NOUN,NN,intj,%,0.0
34%,34,1,1,2,34,NUM,CD,nummod,dd,0.0
34%,%,1,1,1,%,NOUN,NN,ROOT,%,0.0
-21.26%,-21.26,1,1,6,-21.26,PUNCT,NFP,ROOT,-dd.dd,0.0
-21.26%,%,1,1,1,%,INTJ,UH,intj,%,0.0
7.44%,7.44,1,1,4,7.44,NUM,CD,nummod,d.dd,0.0
7.44%,%,1,1,1,%,NOUN,NN,ROOT,%,0.0
150%,150,1,1,3,150,NUM,CD,nummod,ddd,0.0
150%,%,1,1,1,%,NOUN,NN,ROOT,%,0.0
27.98%,27.98,1,1,5,27.98,NUM,CD,nummod,dd.dd,0.0
27.98%,%,1,1,1,%,NOUN,NN,ROOT,%,0.0
149.59%,149.59,1,1,6,149.59,NUM,CD,nummod,ddd.dd,0.0
149.59%,%,1,1,1,%,NOUN,NN,ROOT,%,0.0
-13.77%,-13.77,1,1,6,-13.77,SYM,SYM,ROOT,-dd.dd,0.0
-13.77%,%,1,1,1,%,NOUN,NN,intj,%,0.0
-52.95%,-52.95,1,1,6,-52.95,NUM,CD,ROOT,-dd.dd,0.0
-52.95%,%,1,1,1,%,NOUN,NN,intj,%,0.0
23.80%,23.80,1,1,5,23.80,NUM,CD,nummod,dd.dd,0.0
23.80%,%,1,1,1,%,NOUN,NN,ROOT,%,0.0
-60.24%,-60.24,1,1,6,-60.24,NUM,CD,ROOT,-dd.dd,0.0
-60.24%,%,1,1,1,%,NOUN,NN,intj,%,0.0
21.72%,21.72,1,1,5,21.72,NUM,CD,nummod,dd.dd,0.0
21.72%,%,1,1,1,%,NOUN,NN,ROOT,%,0.0
0.13%,0.13,1,1,4,0.13,NUM,CD,nummod,d.dd,0.0
0.13%,%,1,1,1,%,NOUN,NN,ROOT,%,0.0
-12.83%,-12.83,1,1,6,-12.83,VERB,VBP,ROOT,-dd.dd,0.0
-12.83%,%,1,1,1,%,NOUN,NN,intj,%,0.0
28.37%,28.37,1,1,5,28.37,NUM,CD,nummod,dd.dd,0.0
28.37%,%,1,1,1,%,NOUN,NN,ROOT,%,0.0
198.73%,198.73,1,1,6,198.73,NUM,CD,nummod,ddd.dd,0.0
198.73%,%,1,1,1,%,NOUN,NN,ROOT,%,0.0
56.12%,56.12,1,1,5,56.12,NUM,CD,nummod,dd.dd,0.0
56.12%,%,1,1,1,%,NOUN,NN,ROOT,%,0.0
4.80%,4.80,1,1,4,4.80,NUM,CD,nummod,d.dd,0.0
4.80%,%,1,1,1,%,NOUN,NN,ROOT,%,0.0
-32.54%,-32.54,1,1,6,-32.54,NUM,CD,ROOT,-dd.dd,0.0
-32.54%,%,1,1,1,%,NOUN,NN,intj,%,0.0
-56.98%,-56.98,1,1,6,-56.98,NUM,CD,ROOT,-dd.dd,0.0
-56.98%,%,1,1,1,%,INTJ,UH,intj,%,0.0
71.33%,71.33,1,1,5,71.33,NUM,CD,nummod,dd.dd,0.0
71.33%,%,1,1,1,%,NOUN,NN,ROOT,%,0.0
30.03%,30.03,1,1,5,30.03,NUM,CD,nummod,dd.dd,0.0
30.03%,%,1,1,1,%,NOUN,NN,ROOT,%,0.0
-41.46%,-41.46,1,1,6,-41.46,NUM,CD,ROOT,-dd.dd,0.0
-41.46%,%,1,1,1,%,NOUN,NN,intj,%,0.0
-45.61%,-45.61,1,1,6,-45.61,NOUN,NN,ROOT,-dd.dd,0.0
-45.61%,%,1,1,1,%,INTJ,UH,intj,%,0.0
135.69%,135.69,1,1,6,135.69,NUM,CD,nummod,ddd.dd,0.0
135.69%,%,1,1,1,%,NOUN,NN,ROOT,%,0.0
-11.86%,-11.86,1,1,6,-11.86,PUNCT,.,ROOT,-dd.dd,0.0
-11.86%,%,1,1,1,%,INTJ,UH,intj,%,0.0
166.67%,166.67,1,1,6,166.67,NUM,CD,nummod,ddd.dd,0.0
166.67%,%,1,1,1,%,NOUN,NN,ROOT,%,0.0
87.50%,87.50,1,1,5,87.50,NUM,CD,nummod,dd.dd,0.0
87.50%,%,1,1,1,%,NOUN,NN,ROOT,%,0.0
182.71%,182.71,1,1,6,182.71,NUM,CD,nummod,ddd.dd,0.0
182.71%,%,1,1,1,%,NOUN,NN,ROOT,%,0.0
33.22%,33.22,1,1,5,33.22,NUM,CD,nummod,dd.dd,0.0
33.22%,%,1,1,1,%,NOUN,NN,ROOT,%,0.0
224.93%,224.93,1,1,6,224.93,NUM,CD,nummod,ddd.dd,0.0
224.93%,%,1,1,1,%,NOUN,NN,ROOT,%,0.0
-61.07%,-61.07,1,1,6,-61.07,VERB,VBP,ROOT,-dd.dd,0.0
-61.07%,%,1,1,1,%,INTJ,UH,intj,%,0.0
257.92%,257.92,1,1,6,257.92,NUM,CD,nummod,ddd.dd,0.0
257.92%,%,1,1,1,%,NOUN,NN,ROOT,%,0.0
67.84%,67.84,1,1,5,67.84,NUM,CD,nummod,dd.dd,0.0
67.84%,%,1,1,1,%,NOUN,NN,ROOT,%,0.0
21.06%,21.06,1,1,5,21.06,NUM,CD,nummod,dd.dd,0.0
21.06%,%,1,1,1,%,NOUN,NN,ROOT,%,0.0
37.77%,37.77,1,1,5,37.77,NUM,CD,nummod,dd.dd,0.0
37.77%,%,1,1,1,%,NOUN,NN,ROOT,%,0.0
1.39%,1.39,1,2,4,1.39,NUM,CD,nummod,d.dd,0.0
1.39%,%,1,2,1,%,NOUN,NN,ROOT,%,0.0
50%,50,1,4,2,50,NUM,CD,nummod,dd,0.0
50%,%,1,4,1,%,NOUN,NN,ROOT,%,0.0
14.60%,14.60,1,1,5,14.60,NUM,CD,nummod,dd.dd,0.0
14.60%,%,1,1,1,%,NOUN,NN,ROOT,%,0.0
-1.51%,-1.51,1,1,5,-1.51,NUM,CD,nummod,-d.dd,0.0
-1.51%,%,1,1,1,%,NOUN,NN,ROOT,%,0.0
15.92%,15.92,1,1,5,15.92,NUM,CD,nummod,dd.dd,0.0
15.92%,%,1,1,1,%,NOUN,NN,ROOT,%,0.0
13.65%,13.65,1,1,5,13.65,NUM,CD,nummod,dd.dd,0.0
13.65%,%,1,1,1,%,NOUN,NN,ROOT,%,0.0
-21.29%,-21.29,1,1,6,-21.29,NUM,CD,ROOT,-dd.dd,0.0
-21.29%,%,1,1,1,%,NOUN,NN,intj,%,0.0
-20.03%,-20.03,1,1,6,-20.03,NUM,CD,ROOT,-dd.dd,0.0
-20.03%,%,1,1,1,%,NOUN,NN,intj,%,0.0
44.11%,44.11,1,1,5,44.11,NUM,CD,nummod,dd.dd,0.0
44.11%,%,1,1,1,%,NOUN,NN,ROOT,%,0.0
17.71%,17.71,1,1,5,17.71,NUM,CD,nummod,dd.dd,0.0
17.71%,%,1,1,1,%,NOUN,NN,ROOT,%,0.0
-2.51%,-2.51,1,1,5,-2.51,NUM,CD,nummod,-d.dd,0.0
-2.51%,%,1,1,1,%,NOUN,NN,ROOT,%,0.0
-38.70%,-38.70,1,1,6,-38.70,NUM,CD,ROOT,-dd.dd,0.0
-38.70%,%,1,1,1,%,NOUN,NN,intj,%,0.0
70.35%,70.35,1,1,5,70.35,NUM,CD,nummod,dd.dd,0.0
70.35%,%,1,1,1,%,NOUN,NN,ROOT,%,0.0
10.83%,10.83,1,1,5,10.83,NUM,CD,nummod,dd.dd,0.0
10.83%,%,1,1,1,%,NOUN,NN,ROOT,%,0.0
-35.54%,-35.54,1,1,6,-35.54,INTJ,UH,ROOT,-dd.dd,0.0
-35.54%,%,1,1,1,%,INTJ,UH,intj,%,0.0
-0.73%,-0.73,1,1,5,-0.73,NUM,CD,ROOT,-d.dd,0.0
-0.73%,%,1,1,1,%,NOUN,NN,intj,%,0.0
-43.29%,-43.29,1,1,6,-43.29,NUM,CD,ROOT,-dd.dd,0.0
-43.29%,%,1,1,1,%,INTJ,UH,intj,%,0.0
-11.64%,-11.64,1,1,6,-11.64,NUM,CD,ROOT,-dd.dd,0.0
-11.64%,%,1,1,1,%,NOUN,NN,intj,%,0.0
287.42%,287.42,1,1,6,287.42,NUM,CD,nummod,ddd.dd,0.0
287.42%,%,1,1,1,%,NOUN,NN,ROOT,%,0.0
101.34%,101.34,1,1,6,101.34,NUM,CD,nummod,ddd.dd,0.0
101.34%,%,1,1,1,%,NOUN,NN,ROOT,%,0.0
-30.56%,-30.56,1,1,6,-30.56,NUM,CD,ROOT,-dd.dd,0.0
-30.56%,%,1,1,1,%,NOUN,NN,intj,%,0.0
116.24%,116.24,1,1,6,116.24,NUM,CD,nummod,ddd.dd,0.0
116.24%,%,1,1,1,%,NOUN,NN,ROOT,%,0.0
-33.19%,-33.19,1,1,6,-33.19,VERB,VBP,ROOT,-dd.dd,0.0
-33.19%,%,1,1,1,%,INTJ,UH,intj,%,0.0
-49.97%,-49.97,1,1,6,-49.97,VERB,VBP,ROOT,-dd.dd,0.0
-49.97%,%,1,1,1,%,NOUN,NN,intj,%,0.0
18.72%,18.72,1,1,5,18.72,NUM,CD,nummod,dd.dd,0.0
18.72%,%,1,1,1,%,NOUN,NN,ROOT,%,0.0
8.11%,8.11,1,1,4,8.11,NUM,CD,nummod,d.dd,0.0
8.11%,%,1,1,1,%,NOUN,NN,ROOT,%,0.0
11.72%,11.72,1,1,5,11.72,NUM,CD,nummod,dd.dd,0.0
11.72%,%,1,1,1,%,NOUN,NN,ROOT,%,0.0
55.31%,55.31,1,1,5,55.31,NUM,CD,nummod,dd.dd,0.0
55.31%,%,1,1,1,%,NOUN,NN,ROOT,%,0.0
14.27%,14.27,1,1,5,14.27,NUM,CD,nummod,dd.dd,0.0
14.27%,%,1,1,1,%,NOUN,NN,ROOT,%,0.0
-0.10%,-0.10,1,1,5,-0.10,NUM,CD,nummod,-d.dd,0.0
-0.10%,%,1,1,1,%,NOUN,NN,ROOT,%,0.0
42.62%,42.62,1,1,5,42.62,NUM,CD,nummod,dd.dd,0.0
42.62%,%,1,1,1,%,NOUN,NN,ROOT,%,0.0
-32.27%,-32.27,1,1,6,-32.27,NUM,CD,ROOT,-dd.dd,0.0
-32.27%,%,1,1,1,%,NOUN,NN,intj,%,0.0
35.58%,35.58,1,1,5,35.58,NUM,CD,nummod,dd.dd,0.0
35.58%,%,1,1,1,%,NOUN,NN,ROOT,%,0.0
-3.86%,-3.86,1,1,5,-3.86,NUM,CD,nummod,-d.dd,0.0
-3.86%,%,1,1,1,%,NOUN,NN,ROOT,%,0.0
-8.18%,-8.18,1,1,5,-8.18,NUM,CD,nummod,-d.dd,0.0
-8.18%,%,1,1,1,%,NOUN,NN,ROOT,%,0.0
-9.18%,-9.18,1,1,5,-9.18,NUM,CD,nummod,-d.dd,0.0
-9.18%,%,1,1,1,%,NOUN,NN,ROOT,%,0.0
-27.73%,-27.73,1,1,6,-27.73,PUNCT,``,ROOT,-dd.dd,0.0
-27.73%,%,1,1,1,%,INTJ,UH,intj,%,0.0
-21.33%,-21.33,1,1,6,-21.33,NUM,CD,ROOT,-dd.dd,0.0
-21.33%,%,1,1,1,%,NOUN,NN,intj,%,0.0
-49.86%,-49.86,1,1,6,-49.86,VERB,VBP,ROOT,-dd.dd,0.0
-49.86%,%,1,1,1,%,NOUN,NN,intj,%,0.0
-42.35%,-42.35,1,1,6,-42.35,VERB,VBP,ROOT,-dd.dd,0.0
-42.35%,%,1,1,1,%,INTJ,UH,intj,%,0.0
-6.79%,-6.79,1,1,5,-6.79,NUM,CD,nummod,-d.dd,0.0
-6.79%,%,1,1,1,%,NOUN,NN,ROOT,%,0.0
-56.43%,-56.43,1,1,6,-56.43,ADV,RB,ROOT,-dd.dd,0.0
-56.43%,%,1,1,1,%,NOUN,NN,intj,%,0.0
171.43%,171.43,1,1,6,171.43,NUM,CD,nummod,ddd.dd,0.0
171.43%,%,1,1,1,%,NOUN,NN,ROOT,%,0.0
-8.32%,-8.32,1,1,5,-8.32,NUM,CD,nummod,-d.dd,0.0
-8.32%,%,1,1,1,%,NOUN,NN,ROOT,%,0.0
-0.34%,-0.34,1,1,5,-0.34,NUM,CD,nummod,-d.dd,0.0
-0.34%,%,1,1,1,%,NOUN,NN,ROOT,%,0.0
27.15%,27.15,1,1,5,27.15,NUM,CD,nummod,dd.dd,0.0
27.15%,%,1,1,1,%,NOUN,NN,ROOT,%,0.0
-56.56%,-56.56,1,1,6,-56.56,PUNCT,``,ROOT,-dd.dd,0.0
-56.56%,%,1,1,1,%,NOUN,NN,intj,%,0.0
-12.21%,-12.21,1,1,6,-12.21,VERB,VBP,ROOT,-dd.dd,0.0
-12.21%,%,1,1,1,%,INTJ,UH,intj,%,0.0
-50.84%,-50.84,1,1,6,-50.84,ADP,IN,ROOT,-dd.dd,0.0
-50.84%,%,1,1,1,%,NOUN,NN,intj,%,0.0
-40%,-40,1,1,3,-40,X,XX,ROOT,-dd,0.0
-40%,%,1,1,1,%,INTJ,UH,intj,%,0.0
-10.12%,-10.12,1,1,6,-10.12,VERB,VBP,ROOT,-dd.dd,0.0
-10.12%,%,1,1,1,%,NOUN,NN,intj,%,0.0
5.66%,5.66,1,1,4,5.66,NUM,CD,nummod,d.dd,0.0
5.66%,%,1,1,1,%,NOUN,NN,ROOT,%,0.0
37.05%,37.05,1,1,5,37.05,NUM,CD,nummod,dd.dd,0.0
37.05%,%,1,1,1,%,NOUN,NN,ROOT,%,0.0
-75%,-75,1,1,3,-75,SPACE,_SP,ROOT,-dd,0.0
-75%,%,1,1,1,%,NOUN,NN,intj,%,0.0
-51.46%,-51.46,1,1,6,-51.46,NUM,CD,ROOT,-dd.dd,0.0
-51.46%,%,1,1,1,%,NOUN,NN,intj,%,0.0
34.48%,34.48,1,1,5,34.48,NUM,CD,nummod,dd.dd,0.0
34.48%,%,1,1,1,%,NOUN,NN,ROOT,%,0.0
-13.62%,-13.62,1,1,6,-13.62,NUM,CD,ROOT,-dd.dd,0.0
-13.62%,%,1,1,1,%,NOUN,NN,intj,%,0.0
38.39%,38.39,1,1,5,38.39,NUM,CD,nummod,dd.dd,0.0
38.39%,%,1,1,1,%,NOUN,NN,ROOT,%,0.0
-8.57%,-8.57,1,1,5,-8.57,NUM,CD,nummod,-d.dd,0.0
-8.57%,%,1,1,1,%,NOUN,NN,ROOT,%,0.0
12.46%,12.46,1,1,5,12.46,NUM,CD,nummod,dd.dd,0.0
12.46%,%,1,1,1,%,NOUN,NN,ROOT,%,0.0
-71.48%,-71.48,1,1,6,-71.48,NUM,CD,ROOT,-dd.dd,0.0
-71.48%,%,1,1,1,%,NOUN,NN,intj,%,0.0
-9.12%,-9.12,1,1,5,-9.12,NUM,CD,nummod,-d.dd,0.0
-9.12%,%,1,1,1,%,NOUN,NN,ROOT,%,0.0
4.19%,4.19,1,1,4,4.19,NUM,CD,nummod,d.dd,0.0
4.19%,%,1,1,1,%,NOUN,NN,ROOT,%,0.0
-28.57%,-28.57,1,1,6,-28.57,VERB,VBP,ROOT,-dd.dd,0.0
-28.57%,%,1,1,1,%,INTJ,UH,intj,%,0.0
32.52%,32.52,1,1,5,32.52,NUM,CD,nummod,dd.dd,0.0
32.52%,%,1,1,1,%,NOUN,NN,ROOT,%,0.0
-48.37%,-48.37,1,1,6,-48.37,NUM,CD,ROOT,-dd.dd,0.0
-48.37%,%,1,1,1,%,NOUN,NN,intj,%,0.0
-27.05%,-27.05,1,1,6,-27.05,NUM,CD,ROOT,-dd.dd,0.0
-27.05%,%,1,1,1,%,NOUN,NN,intj,%,0.0
-25.39%,-25.39,1,1,6,-25.39,PUNCT,.,ROOT,-dd.dd,0.0
-25.39%,%,1,1,1,%,INTJ,UH,intj,%,0.0
-35.10%,-35.10,1,1,6,-35.10,NUM,CD,ROOT,-dd.dd,0.0
-35.10%,%,1,1,1,%,NOUN,NN,intj,%,0.0
29.65%,29.65,1,2,5,29.65,NUM,CD,nummod,dd.dd,0.0
29.65%,%,1,2,1,%,NOUN,NN,ROOT,%,0.0
7.57%,7.57,1,1,4,7.57,NUM,CD,nummod,d.dd,0.0
7.57%,%,1,1,1,%,NOUN,NN,ROOT,%,0.0
-24.96%,-24.96,1,1,6,-24.96,PUNCT,.,ROOT,-dd.dd,0.0
-24.96%,%,1,1,1,%,NOUN,NN,intj,%,0.0
-25.41%,-25.41,1,1,6,-25.41,SYM,SYM,ROOT,-dd.dd,0.0
-25.41%,%,1,1,1,%,NOUN,NN,intj,%,0.0
2.64%,2.64,1,1,4,2.64,NUM,CD,nummod,d.dd,0.0
2.64%,%,1,1,1,%,NOUN,NN,ROOT,%,0.0
145.60%,145.60,1,1,6,145.60,NUM,CD,nummod,ddd.dd,0.0
145.60%,%,1,1,1,%,NOUN,NN,ROOT,%,0.0
13.42%,13.42,1,1,5,13.42,NUM,CD,nummod,dd.dd,0.0
13.42%,%,1,1,1,%,NOUN,NN,ROOT,%,0.0
190.62%,190.62,1,1,6,190.62,NUM,CD,nummod,ddd.dd,0.0
190.62%,%,1,1,1,%,NOUN,NN,ROOT,%,0.0
42.92%,42.92,1,1,5,42.92,NUM,CD,nummod,dd.dd,0.0
42.92%,%,1,1,1,%,NOUN,NN,ROOT,%,0.0
47.99%,47.99,1,1,5,47.99,NUM,CD,nummod,dd.dd,0.0
47.99%,%,1,1,1,%,NOUN,NN,ROOT,%,0.0
54.04%,54.04,1,1,5,54.04,NUM,CD,nummod,dd.dd,0.0
54.04%,%,1,1,1,%,NOUN,NN,ROOT,%,0.0
-22.24%,-22.24,1,1,6,-22.24,NOUN,NN,ROOT,-dd.dd,0.0
-22.24%,%,1,1,1,%,INTJ,UH,intj,%,0.0
-45.14%,-45.14,1,1,6,-45.14,NUM,CD,ROOT,-dd.dd,0.0
-45.14%,%,1,1,1,%,NOUN,NN,intj,%,0.0
-77.91%,-77.91,1,1,6,-77.91,INTJ,UH,ROOT,-dd.dd,0.0
-77.91%,%,1,1,1,%,INTJ,UH,intj,%,0.0
-32.75%,-32.75,1,1,6,-32.75,PUNCT,.,punct,-dd.dd,0.0
-32.75%,%,1,1,1,%,NOUN,NN,ROOT,%,0.0
97.39%,97.39,1,1,5,97.39,NUM,CD,nummod,dd.dd,0.0
97.39%,%,1,1,1,%,NOUN,NN,ROOT,%,0.0
-28.76%,-28.76,1,1,6,-28.76,NUM,CD,ROOT,-dd.dd,0.0
-28.76%,%,1,1,1,%,NOUN,NN,intj,%,0.0
3.03%,3.03,1,1,4,3.03,NUM,CD,nummod,d.dd,0.0
3.03%,%,1,1,1,%,NOUN,NN,ROOT,%,0.0
12.35%,12.35,1,1,5,12.35,NUM,CD,nummod,dd.dd,0.0
12.35%,%,1,1,1,%,NOUN,NN,ROOT,%,0.0
12.29%,12.29,1,1,5,12.29,NUM,CD,nummod,dd.dd,0.0
12.29%,%,1,1,1,%,NOUN,NN,ROOT,%,0.0
-45.76%,-45.76,1,1,6,-45.76,PUNCT,.,ROOT,-dd.dd,0.0
-45.76%,%,1,1,1,%,NOUN,NN,intj,%,0.0
5.27%,5.27,1,1,4,5.27,NUM,CD,nummod,d.dd,0.0
5.27%,%,1,1,1,%,NOUN,NN,ROOT,%,0.0
13.53%,13.53,1,1,5,13.53,NUM,CD,nummod,dd.dd,0.0
13.53%,%,1,1,1,%,NOUN,NN,ROOT,%,0.0
28.88%,28.88,1,1,5,28.88,NUM,CD,nummod,dd.dd,0.0
28.88%,%,1,1,1,%,NOUN,NN,ROOT,%,0.0
118%,118,1,1,3,118,NUM,CD,nummod,ddd,0.0
118%,%,1,1,1,%,NOUN,NN,ROOT,%,0.0
137.30%,137.30,1,1,6,137.30,NUM,CD,nummod,ddd.dd,0.0
137.30%,%,1,1,1,%,NOUN,NN,ROOT,%,0.0
-37.06%,-37.06,1,1,6,-37.06,PUNCT,NFP,ROOT,-dd.dd,0.0
-37.06%,%,1,1,1,%,NOUN,NN,intj,%,0.0
5.17%,5.17,1,1,4,5.17,NUM,CD,nummod,d.dd,0.0
5.17%,%,1,1,1,%,NOUN,NN,ROOT,%,0.0
208.30%,208.30,1,1,6,208.30,NUM,CD,nummod,ddd.dd,0.0
208.30%,%,1,1,1,%,NOUN,NN,ROOT,%,0.0
278.97%,278.97,1,1,6,278.97,NUM,CD,nummod,ddd.dd,0.0
278.97%,%,1,1,1,%,NOUN,NN,ROOT,%,0.0
-4.89%,-4.89,1,1,5,-4.89,NUM,CD,nummod,-d.dd,0.0
-4.89%,%,1,1,1,%,NOUN,NN,ROOT,%,0.0
-19.68%,-19.68,1,1,6,-19.68,VERB,VBP,ROOT,-dd.dd,0.0
-19.68%,%,1,1,1,%,NOUN,NN,intj,%,0.0
-43.18%,-43.18,1,1,6,-43.18,PUNCT,``,punct,-dd.dd,0.0
-43.18%,%,1,1,1,%,INTJ,UH,ROOT,%,0.0
12.99%,12.99,1,1,5,12.99,NUM,CD,nummod,dd.dd,0.0
12.99%,%,1,1,1,%,NOUN,NN,ROOT,%,0.0
8.88%,8.88,1,1,4,8.88,NUM,CD,nummod,d.dd,0.0
8.88%,%,1,1,1,%,NOUN,NN,ROOT,%,0.0
-44.02%,-44.02,1,1,6,-44.02,PUNCT,-LRB-,punct,-dd.dd,0.0
-44.02%,%,1,1,1,%,NOUN,NN,ROOT,%,0.0
30.29%,30.29,1,1,5,30.29,NUM,CD,nummod,dd.dd,0.0
30.29%,%,1,1,1,%,NOUN,NN,ROOT,%,0.0
-15.46%,-15.46,1,1,6,-15.46,VERB,VBP,ROOT,-dd.dd,0.0
-15.46%,%,1,1,1,%,NOUN,NN,intj,%,0.0
-39.19%,-39.19,1,1,6,-39.19,PUNCT,.,ROOT,-dd.dd,0.0
-39.19%,%,1,1,1,%,INTJ,UH,intj,%,0.0
-25%,-25,1,3,3,-25,SPACE,_SP,ROOT,-dd,0.0
-25%,%,1,3,1,%,NOUN,NN,intj,%,0.0
-42.91%,-42.91,1,1,6,-42.91,VERB,VBP,ROOT,-dd.dd,0.0
-42.91%,%,1,1,1,%,INTJ,UH,intj,%,0.0
-37.40%,-37.40,1,1,6,-37.40,NUM,CD,ROOT,-dd.dd,0.0
-37.40%,%,1,1,1,%,NOUN,NN,intj,%,0.0
-3.54%,-3.54,1,1,5,-3.54,NUM,CD,nummod,-d.dd,0.0
-3.54%,%,1,1,1,%,NOUN,NN,ROOT,%,0.0
7.84%,7.84,1,1,4,7.84,NUM,CD,nummod,d.dd,0.0
7.84%,%,1,1,1,%,NOUN,NN,ROOT,%,0.0
1.76%,1.76,1,1,4,1.76,NUM,CD,nummod,d.dd,0.0
1.76%,%,1,1,1,%,NOUN,NN,ROOT,%,0.0
41.77%,41.77,1,1,5,41.77,NUM,CD,nummod,dd.dd,0.0
41.77%,%,1,1,1,%,NOUN,NN,ROOT,%,0.0
-32.08%,-32.08,1,1,6,-32.08,NUM,CD,ROOT,-dd.dd,0.0
-32.08%,%,1,1,1,%,NOUN,NN,intj,%,0.0
13.66%,13.66,1,1,5,13.66,NUM,CD,nummod,dd.dd,0.0
13.66%,%,1,1,1,%,NOUN,NN,ROOT,%,0.0
-17.53%,-17.53,1,1,6,-17.53,NUM,CD,ROOT,-dd.dd,0.0
-17.53%,%,1,1,1,%,NOUN,NN,intj,%,0.0
-29.50%,-29.50,1,1,6,-29.50,PUNCT,NFP,ROOT,-dd.dd,0.0
-29.50%,%,1,1,1,%,NOUN,NN,intj,%,0.0
25.53%,25.53,1,1,5,25.53,NUM,CD,nummod,dd.dd,0.0
25.53%,%,1,1,1,%,NOUN,NN,ROOT,%,0.0
-23.26%,-23.26,1,1,6,-23.26,X,LS,ROOT,-dd.dd,0.0
-23.26%,%,1,1,1,%,INTJ,UH,intj,%,0.0
-2.47%,-2.47,1,1,5,-2.47,NUM,CD,nummod,-d.dd,0.0
-2.47%,%,1,1,1,%,NOUN,NN,ROOT,%,0.0
-11.15%,-11.15,1,1,6,-11.15,PUNCT,.,punct,-dd.dd,0.0
-11.15%,%,1,1,1,%,NOUN,NN,ROOT,%,0.0
-22.49%,-22.49,1,1,6,-22.49,NUM,CD,ROOT,-dd.dd,0.0
-22.49%,%,1,1,1,%,INTJ,UH,intj,%,0.0
-85.79%,-85.79,1,1,6,-85.79,PROPN,NNP,ROOT,-dd.dd,0.0
-85.79%,%,1,1,1,%,NOUN,NN,intj,%,0.0
10.72%,10.72,1,1,5,10.72,NUM,CD,nummod,dd.dd,0.0
10.72%,%,1,1,1,%,NOUN,NN,ROOT,%,0.0
-16.57%,-16.57,1,1,6,-16.57,PUNCT,NFP,ROOT,-dd.dd,0.0
-16.57%,%,1,1,1,%,INTJ,UH,intj,%,0.0
21.26%,21.26,1,1,5,21.26,NUM,CD,nummod,dd.dd,0.0
21.26%,%,1,1,1,%,NOUN,NN,ROOT,%,0.0
19.99%,19.99,1,1,5,19.99,NUM,CD,nummod,dd.dd,0.0
19.99%,%,1,1,1,%,NOUN,NN,ROOT,%,0.0
-33.03%,-33.03,1,1,6,-33.03,NUM,CD,ROOT,-dd.dd,0.0
-33.03%,%,1,1,1,%,NOUN,NN,intj,%,0.0
75.35%,75.35,1,1,5,75.35,NUM,CD,nummod,dd.dd,0.0
75.35%,%,1,1,1,%,NOUN,NN,ROOT,%,0.0
-44.55%,-44.55,1,1,6,-44.55,PUNCT,.,ROOT,-dd.dd,0.0
-44.55%,%,1,1,1,%,NOUN,NN,intj,%,0.0
115.80%,115.80,1,1,6,115.80,NUM,CD,nummod,ddd.dd,0.0
115.80%,%,1,1,1,%,NOUN,NN,ROOT,%,0.0
-32.79%,-32.79,1,1,6,-32.79,PUNCT,``,ROOT,-dd.dd,0.0
-32.79%,%,1,1,1,%,NOUN,NN,intj,%,0.0
-26.19%,-26.19,1,1,6,-26.19,NUM,CD,ROOT,-dd.dd,0.0
-26.19%,%,1,1,1,%,NOUN,NN,intj,%,0.0
1221.41%,1221.41,1,1,7,1221.41,NUM,CD,nummod,dddd.dd,0.0
1221.41%,%,1,1,1,%,NOUN,NN,ROOT,%,0.0
9.31%,9.31,1,1,4,9.31,NUM,CD,nummod,d.dd,0.0
9.31%,%,1,1,1,%,NOUN,NN,ROOT,%,0.0
95.72%,95.72,1,1,5,95.72,NUM,CD,nummod,dd.dd,0.0
95.72%,%,1,1,1,%,NOUN,NN,ROOT,%,0.0
-18.67%,-18.67,1,1,6,-18.67,NUM,CD,ROOT,-dd.dd,0.0
-18.67%,%,1,1,1,%,NOUN,NN,intj,%,0.0
18.90%,18.90,1,1,5,18.90,NUM,CD,nummod,dd.dd,0.0
18.90%,%,1,1,1,%,NOUN,NN,ROOT,%,0.0
24.21%,24.21,1,1,5,24.21,NUM,CD,nummod,dd.dd,0.0
24.21%,%,1,1,1,%,NOUN,NN,ROOT,%,0.0
-11.11%,-11.11,1,1,6,-11.11,PUNCT,``,ROOT,-dd.dd,0.0
-11.11%,%,1,1,1,%,NOUN,NN,intj,%,0.0
-56.97%,-56.97,1,1,6,-56.97,VERB,VBP,ROOT,-dd.dd,0.0
-56.97%,%,1,1,1,%,INTJ,UH,intj,%,0.0
-20.68%,-20.68,1,1,6,-20.68,NUM,CD,ROOT,-dd.dd,0.0
-20.68%,%,1,1,1,%,NOUN,NN,intj,%,0.0
-36.45%,-36.45,1,1,6,-36.45,PUNCT,.,ROOT,-dd.dd,0.0
-36.45%,%,1,1,1,%,NOUN,NN,intj,%,0.0
17.80%,17.80,1,1,5,17.80,NUM,CD,nummod,dd.dd,0.0
17.80%,%,1,1,1,%,NOUN,NN,ROOT,%,0.0
-7.53%,-7.53,1,1,5,-7.53,NUM,CD,nummod,-d.dd,0.0
-7.53%,%,1,1,1,%,NOUN,NN,ROOT,%,0.0
-20%,-20,1,1,3,-20,X,XX,ROOT,-dd,0.0
-20%,%,1,1,1,%,INTJ,UH,intj,%,0.0
49.18%,49.18,1,1,5,49.18,NUM,CD,nummod,dd.dd,0.0
49.18%,%,1,1,1,%,NOUN,NN,ROOT,%,0.0
-4.44%,-4.44,1,1,5,-4.44,NUM,CD,nummod,-d.dd,0.0
-4.44%,%,1,1,1,%,NOUN,NN,ROOT,%,0.0
14.25%,14.25,1,1,5,14.25,NUM,CD,nummod,dd.dd,0.0
14.25%,%,1,1,1,%,NOUN,NN,ROOT,%,0.0
49.69%,49.69,1,1,5,49.69,NUM,CD,nummod,dd.dd,0.0
49.69%,%,1,1,1,%,NOUN,NN,ROOT,%,0.0
29.33%,29.33,1,1,5,29.33,NUM,CD,nummod,dd.dd,0.0
29.33%,%,1,1,1,%,NOUN,NN,ROOT,%,0.0
-53.58%,-53.58,1,1,6,-53.58,VERB,VBP,ROOT,-dd.dd,0.0
-53.58%,%,1,1,1,%,INTJ,UH,intj,%,0.0
-49.77%,-49.77,1,1,6,-49.77,NUM,CD,ROOT,-dd.dd,0.0
-49.77%,%,1,1,1,%,NOUN,NN,intj,%,0.0
39.18%,39.18,1,1,5,39.18,NUM,CD,nummod,dd.dd,0.0
39.18%,%,1,1,1,%,NOUN,NN,ROOT,%,0.0
64.12%,64.12,1,1,5,64.12,NUM,CD,nummod,dd.dd,0.0
64.12%,%,1,1,1,%,NOUN,NN,ROOT,%,0.0
-32.61%,-32.61,1,1,6,-32.61,INTJ,UH,ROOT,-dd.dd,0.0
-32.61%,%,1,1,1,%,INTJ,UH,intj,%,0.0
-24.14%,-24.14,1,1,6,-24.14,PUNCT,NFP,ROOT,-dd.dd,0.0
-24.14%,%,1,1,1,%,NOUN,NN,intj,%,0.0
67.37%,67.37,1,1,5,67.37,NUM,CD,nummod,dd.dd,0.0
67.37%,%,1,1,1,%,NOUN,NN,ROOT,%,0.0
4.39%,4.39,1,1,4,4.39,NUM,CD,nummod,d.dd,0.0
4.39%,%,1,1,1,%,NOUN,NN,ROOT,%,0.0
-43.55%,-43.55,1,1,6,-43.55,PUNCT,.,ROOT,-dd.dd,0.0
-43.55%,%,1,1,1,%,INTJ,UH,intj,%,0.0
0.02%,0.02,1,1,4,0.02,NUM,CD,nummod,d.dd,0.0
0.02%,%,1,1,1,%,NOUN,NN,ROOT,%,0.0
23.32%,23.32,1,1,5,23.32,NUM,CD,nummod,dd.dd,0.0
23.32%,%,1,1,1,%,NOUN,NN,ROOT,%,0.0
-6.20%,-6.20,1,1,5,-6.20,NUM,CD,nummod,-d.dd,0.0
-6.20%,%,1,1,1,%,NOUN,NN,ROOT,%,0.0
26.62%,26.62,1,1,5,26.62,NUM,CD,nummod,dd.dd,0.0
26.62%,%,1,1,1,%,NOUN,NN,ROOT,%,0.0
64.22%,64.22,1,1,5,64.22,NUM,CD,nummod,dd.dd,0.0
64.22%,%,1,1,1,%,NOUN,NN,ROOT,%,0.0
-7.96%,-7.96,1,1,5,-7.96,NUM,CD,nummod,-d.dd,0.0
-7.96%,%,1,1,1,%,NOUN,NN,ROOT,%,0.0
-32.89%,-32.89,1,1,6,-32.89,ADJ,JJ,ROOT,-dd.dd,0.0
-32.89%,%,1,1,1,%,NOUN,NN,intj,%,0.0
14.35%,14.35,1,1,5,14.35,NUM,CD,nummod,dd.dd,0.0
14.35%,%,1,1,1,%,NOUN,NN,ROOT,%,0.0
13.12%,13.12,1,1,5,13.12,NUM,CD,nummod,dd.dd,0.0
13.12%,%,1,1,1,%,NOUN,NN,ROOT,%,0.0
-24.72%,-24.72,1,1,6,-24.72,PUNCT,.,ROOT,-dd.dd,0.0
-24.72%,%,1,1,1,%,NOUN,NN,intj,%,0.0
-10%,-10,1,1,3,-10,SPACE,_SP,ROOT,-dd,0.0
-10%,%,1,1,1,%,INTJ,UH,intj,%,0.0
59.73%,59.73,1,1,5,59.73,NUM,CD,nummod,dd.dd,0.0
59.73%,%,1,1,1,%,NOUN,NN,ROOT,%,0.0
-33.69%,-33.69,1,1,6,-33.69,NUM,CD,ROOT,-dd.dd,0.0
-33.69%,%,1,1,1,%,NOUN,NN,intj,%,0.0
41.73%,41.73,1,1,5,41.73,NUM,CD,nummod,dd.dd,0.0
41.73%,%,1,1,1,%,NOUN,NN,ROOT,%,0.0
9.75%,9.75,1,1,4,9.75,NUM,CD,nummod,d.dd,0.0
9.75%,%,1,1,1,%,NOUN,NN,ROOT,%,0.0
49.64%,49.64,1,1,5,49.64,NUM,CD,nummod,dd.dd,0.0
49.64%,%,1,1,1,%,NOUN,NN,ROOT,%,0.0
-33.06%,-33.06,1,1,6,-33.06,VERB,VBP,ROOT,-dd.dd,0.0
-33.06%,%,1,1,1,%,NOUN,NN,intj,%,0.0
-39.11%,-39.11,1,1,6,-39.11,INTJ,UH,ROOT,-dd.dd,0.0
-39.11%,%,1,1,1,%,INTJ,UH,intj,%,0.0
21.02%,21.02,1,1,5,21.02,NUM,CD,nummod,dd.dd,0.0
21.02%,%,1,1,1,%,NOUN,NN,ROOT,%,0.0
32.30%,32.30,1,1,5,32.30,NUM,CD,nummod,dd.dd,0.0
32.30%,%,1,1,1,%,NOUN,NN,ROOT,%,0.0
87.76%,87.76,1,1,5,87.76,NUM,CD,nummod,dd.dd,0.0
87.76%,%,1,1,1,%,NOUN,NN,ROOT,%,0.0
-26.67%,-26.67,1,1,6,-26.67,VERB,VBP,ROOT,-dd.dd,0.0
-26.67%,%,1,1,1,%,INTJ,UH,intj,%,0.0
-9.05%,-9.05,1,1,5,-9.05,NUM,CD,nummod,-d.dd,0.0
-9.05%,%,1,1,1,%,NOUN,NN,ROOT,%,0.0
-57.54%,-57.54,1,1,6,-57.54,PUNCT,``,ROOT,-dd.dd,0.0
-57.54%,%,1,1,1,%,INTJ,UH,intj,%,0.0
75.83%,75.83,1,1,5,75.83,NUM,CD,nummod,dd.dd,0.0
75.83%,%,1,1,1,%,NOUN,NN,ROOT,%,0.0
-46.04%,-46.04,1,1,6,-46.04,NOUN,NN,ROOT,-dd.dd,0.0
-46.04%,%,1,1,1,%,NOUN,NN,intj,%,0.0
-15.62%,-15.62,1,1,6,-15.62,PUNCT,.,ROOT,-dd.dd,0.0
-15.62%,%,1,1,1,%,NOUN,NN,intj,%,0.0
-79.95%,-79.95,1,1,6,-79.95,NUM,CD,ROOT,-dd.dd,0.0
-79.95%,%,1,1,1,%,NOUN,NN,intj,%,0.0
3.67%,3.67,1,1,4,3.67,NUM,CD,nummod,d.dd,0.0
3.67%,%,1,1,1,%,NOUN,NN,ROOT,%,0.0
-9.30%,-9.30,1,1,5,-9.30,NUM,CD,nummod,-d.dd,0.0
-9.30%,%,1,1,1,%,NOUN,NN,ROOT,%,0.0
129.07%,129.07,1,1,6,129.07,NUM,CD,nummod,ddd.dd,0.0
129.07%,%,1,1,1,%,NOUN,NN,ROOT,%,0.0
-5.84%,-5.84,1,1,5,-5.84,NUM,CD,nummod,-d.dd,0.0
-5.84%,%,1,1,1,%,NOUN,NN,ROOT,%,0.0
-14.22%,-14.22,1,1,6,-14.22,VERB,VBP,ROOT,-dd.dd,0.0
-14.22%,%,1,1,1,%,NOUN,NN,intj,%,0.0
-46.68%,-46.68,1,1,6,-46.68,PUNCT,:,ROOT,-dd.dd,0.0
-46.68%,%,1,1,1,%,NOUN,NN,intj,%,0.0
-39.56%,-39.56,1,1,6,-39.56,PUNCT,``,punct,-dd.dd,0.0
-39.56%,%,1,1,1,%,NOUN,NN,ROOT,%,0.0
-7.47%,-7.47,1,1,5,-7.47,NUM,CD,nummod,-d.dd,0.0
-7.47%,%,1,1,1,%,NOUN,NN,ROOT,%,0.0
35.66%,35.66,1,1,5,35.66,NUM,CD,nummod,dd.dd,0.0
35.66%,%,1,1,1,%,NOUN,NN,ROOT,%,0.0
135.51%,135.51,1,1,6,135.51,NUM,CD,nummod,ddd.dd,0.0
135.51%,%,1,1,1,%,NOUN,NN,ROOT,%,0.0
-66.82%,-66.82,1,1,6,-66.82,NOUN,NN,ROOT,-dd.dd,0.0
-66.82%,%,1,1,1,%,NOUN,NN,intj,%,0.0
-75.37%,-75.37,1,1,6,-75.37,NUM,CD,ROOT,-dd.dd,0.0
-75.37%,%,1,1,1,%,INTJ,UH,intj,%,0.0
-18.36%,-18.36,1,1,6,-18.36,NOUN,NN,ROOT,-dd.dd,0.0
-18.36%,%,1,1,1,%,NOUN,NN,intj,%,0.0
-22.46%,-22.46,1,1,6,-22.46,PUNCT,.,ROOT,-dd.dd,0.0
-22.46%,%,1,1,1,%,NOUN,NN,intj,%,0.0
11.89%,11.89,1,1,5,11.89,NUM,CD,nummod,dd.dd,0.0
11.89%,%,1,1,1,%,NOUN,NN,ROOT,%,0.0
-31.11%,-31.11,1,1,6,-31.11,SYM,SYM,ROOT,-dd.dd,0.0
-31.11%,%,1,1,1,%,NOUN,NN,intj,%,0.0
-6.39%,-6.39,1,1,5,-6.39,NUM,CD,ROOT,-d.dd,0.0
-6.39%,%,1,1,1,%,NOUN,NN,intj,%,0.0
-36.92%,-36.92,1,1,6,-36.92,NUM,CD,ROOT,-dd.dd,0.0
-36.92%,%,1,1,1,%,NOUN,NN,intj,%,0.0
-54.83%,-54.83,1,1,6,-54.83,NUM,CD,ROOT,-dd.dd,0.0
-54.83%,%,1,1,1,%,NOUN,NN,intj,%,0.0
107.56%,107.56,1,1,6,107.56,NUM,CD,nummod,ddd.dd,0.0
107.56%,%,1,1,1,%,NOUN,NN,ROOT,%,0.0
228.11%,228.11,1,1,6,228.11,NUM,CD,nummod,ddd.dd,0.0
228.11%,%,1,1,1,%,NOUN,NN,ROOT,%,0.0
-45.13%,-45.13,1,1,6,-45.13,INTJ,UH,ROOT,-dd.dd,0.0
-45.13%,%,1,1,1,%,INTJ,UH,intj,%,0.0
14.13%,14.13,1,1,5,14.13,NUM,CD,nummod,dd.dd,0.0
14.13%,%,1,1,1,%,NOUN,NN,ROOT,%,0.0
-25.60%,-25.60,1,1,6,-25.60,NUM,CD,ROOT,-dd.dd,0.0
-25.60%,%,1,1,1,%,NOUN,NN,intj,%,0.0
200.99%,200.99,1,1,6,200.99,NUM,CD,nummod,ddd.dd,0.0
200.99%,%,1,1,1,%,NOUN,NN,ROOT,%,0.0
-59.67%,-59.67,1,1,6,-59.67,VERB,VBP,ROOT,-dd.dd,0.0
-59.67%,%,1,1,1,%,NOUN,NN,intj,%,0.0
-48.82%,-48.82,1,1,6,-48.82,PUNCT,.,ROOT,-dd.dd,0.0
-48.82%,%,1,1,1,%,NOUN,NN,intj,%,0.0
7.37%,7.37,1,1,4,7.37,NUM,CD,nummod,d.dd,0.0
7.37%,%,1,1,1,%,NOUN,NN,ROOT,%,0.0
-46.30%,-46.30,1,1,6,-46.30,NOUN,NNS,ROOT,-dd.dd,0.0
-46.30%,%,1,1,1,%,INTJ,UH,intj,%,0.0
8.66%,8.66,1,1,4,8.66,NUM,CD,nummod,d.dd,0.0
8.66%,%,1,1,1,%,NOUN,NN,ROOT,%,0.0
13.35%,13.35,1,1,5,13.35,NUM,CD,nummod,dd.dd,0.0
13.35%,%,1,1,1,%,NOUN,NN,ROOT,%,0.0
9.19%,9.19,1,1,4,9.19,NUM,CD,nummod,d.dd,0.0
9.19%,%,1,1,1,%,NOUN,NN,ROOT,%,0.0
231.92%,231.92,1,1,6,231.92,NUM,CD,nummod,ddd.dd,0.0
231.92%,%,1,1,1,%,NOUN,NN,ROOT,%,0.0
-25.95%,-25.95,1,1,6,-25.95,NUM,CD,ROOT,-dd.dd,0.0
-25.95%,%,1,1,1,%,NOUN,NN,intj,%,0.0
-24.48%,-24.48,1,1,6,-24.48,PUNCT,``,ROOT,-dd.dd,0.0
-24.48%,%,1,1,1,%,INTJ,UH,intj,%,0.0
-15.86%,-15.86,1,1,6,-15.86,NUM,CD,ROOT,-dd.dd,0.0
-15.86%,%,1,1,1,%,NOUN,NN,intj,%,0.0
75.18%,75.18,1,1,5,75.18,NUM,CD,nummod,dd.dd,0.0
75.18%,%,1,1,1,%,NOUN,NN,ROOT,%,0.0
-1.21%,-1.21,1,1,5,-1.21,NUM,CD,nummod,-d.dd,0.0
-1.21%,%,1,1,1,%,NOUN,NN,ROOT,%,0.0
30.80%,30.80,1,1,5,30.80,NUM,CD,nummod,dd.dd,0.0
30.80%,%,1,1,1,%,NOUN,NN,ROOT,%,0.0
-0.82%,-0.82,1,1,5,-0.82,NUM,CD,nummod,-d.dd,0.0
-0.82%,%,1,1,1,%,NOUN,NN,ROOT,%,0.0
-54.52%,-54.52,1,1,6,-54.52,VERB,VBP,ROOT,-dd.dd,0.0
-54.52%,%,1,1,1,%,INTJ,UH,intj,%,0.0
156.47%,156.47,1,1,6,156.47,NUM,CD,nummod,ddd.dd,0.0
156.47%,%,1,1,1,%,NOUN,NN,ROOT,%,0.0
-30%,-30,1,1,3,-30,X,XX,ROOT,-dd,0.0
-30%,%,1,1,1,%,NOUN,NN,intj,%,0.0
70.62%,70.62,1,1,5,70.62,NUM,CD,nummod,dd.dd,0.0
70.62%,%,1,1,1,%,NOUN,NN,ROOT,%,0.0
1.88%,1.88,1,1,4,1.88,NUM,CD,nummod,d.dd,0.0
1.88%,%,1,1,1,%,NOUN,NN,ROOT,%,0.0
24.65%,24.65,1,1,5,24.65,NUM,CD,nummod,dd.dd,0.0
24.65%,%,1,1,1,%,NOUN,NN,ROOT,%,0.0
28.35%,28.35,1,1,5,28.35,NUM,CD,nummod,dd.dd,0.0
28.35%,%,1,1,1,%,NOUN,NN,ROOT,%,0.0
-76.77%,-76.77,1,1,6,-76.77,INTJ,UH,ROOT,-dd.dd,0.0
-76.77%,%,1,1,1,%,INTJ,UH,intj,%,0.0
-31.06%,-31.06,1,1,6,-31.06,PUNCT,``,ROOT,-dd.dd,0.0
-31.06%,%,1,1,1,%,NOUN,NN,intj,%,0.0
1074.10%,1074.10,1,1,7,1074.10,NUM,CD,nummod,dddd.dd,0.0
1074.10%,%,1,1,1,%,NOUN,NN,ROOT,%,0.0
-17.31%,-17.31,1,1,6,-17.31,PUNCT,NFP,punct,-dd.dd,0.0
-17.31%,%,1,1,1,%,NOUN,NN,ROOT,%,0.0
-34.16%,-34.16,1,1,6,-34.16,PUNCT,NFP,ROOT,-dd.dd,0.0
-34.16%,%,1,1,1,%,INTJ,UH,intj,%,0.0
-2.03%,-2.03,1,1,5,-2.03,NUM,CD,nummod,-d.dd,0.0
-2.03%,%,1,1,1,%,NOUN,NN,ROOT,%,0.0
-20.29%,-20.29,1,1,6,-20.29,NUM,CD,ROOT,-dd.dd,0.0
-20.29%,%,1,1,1,%,NOUN,NN,intj,%,0.0
29.92%,29.92,1,1,5,29.92,NUM,CD,nummod,dd.dd,0.0
29.92%,%,1,1,1,%,NOUN,NN,ROOT,%,0.0
-49.14%,-49.14,1,1,6,-49.14,INTJ,UH,ROOT,-dd.dd,0.0
-49.14%,%,1,1,1,%,NOUN,NN,intj,%,0.0
32.61%,32.61,1,1,5,32.61,NUM,CD,nummod,dd.dd,0.0
32.61%,%,1,1,1,%,NOUN,NN,ROOT,%,0.0
811.99%,811.99,1,1,6,811.99,NUM,CD,nummod,ddd.dd,0.0
811.99%,%,1,1,1,%,NOUN,NN,ROOT,%,0.0
0.82%,0.82,1,1,4,0.82,NUM,CD,nummod,d.dd,0.0
0.82%,%,1,1,1,%,NOUN,NN,ROOT,%,0.0
5.26%,5.26,1,1,4,5.26,NUM,CD,nummod,d.dd,0.0
5.26%,%,1,1,1,%,NOUN,NN,ROOT,%,0.0
200.83%,200.83,1,1,6,200.83,NUM,CD,nummod,ddd.dd,0.0
200.83%,%,1,1,1,%,NOUN,NN,ROOT,%,0.0
62.33%,62.33,1,1,5,62.33,NUM,CD,nummod,dd.dd,0.0
62.33%,%,1,1,1,%,NOUN,NN,ROOT,%,0.0
76.06%,76.06,1,1,5,76.06,NUM,CD,nummod,dd.dd,0.0
76.06%,%,1,1,1,%,NOUN,NN,ROOT,%,0.0
-6.25%,-6.25,1,1,5,-6.25,NUM,CD,nummod,-d.dd,0.0
-6.25%,%,1,1,1,%,NOUN,NN,ROOT,%,0.0
49.23%,49.23,1,1,5,49.23,NUM,CD,nummod,dd.dd,0.0
49.23%,%,1,1,1,%,NOUN,NN,ROOT,%,0.0
-33.01%,-33.01,1,1,6,-33.01,PART,TO,ROOT,-dd.dd,0.0
-33.01%,%,1,1,1,%,INTJ,UH,intj,%,0.0
1.30%,1.30,1,1,4,1.30,NUM,CD,nummod,d.dd,0.0
1.30%,%,1,1,1,%,NOUN,NN,ROOT,%,0.0
75.37%,75.37,1,1,5,75.37,NUM,CD,nummod,dd.dd,0.0
75.37%,%,1,1,1,%,NOUN,NN,ROOT,%,0.0
33.43%,33.43,1,1,5,33.43,NUM,CD,nummod,dd.dd,0.0
33.43%,%,1,1,1,%,NOUN,NN,ROOT,%,0.0
36.25%,36.25,1,1,5,36.25,NUM,CD,nummod,dd.dd,0.0
36.25%,%,1,1,1,%,NOUN,NN,ROOT,%,0.0
-46.35%,-46.35,1,1,6,-46.35,VERB,VBP,ROOT,-dd.dd,0.0
-46.35%,%,1,1,1,%,INTJ,UH,intj,%,0.0
-53.66%,-53.66,1,1,6,-53.66,NUM,CD,ROOT,-dd.dd,0.0
-53.66%,%,1,1,1,%,NOUN,NN,intj,%,0.0
-3.12%,-3.12,1,1,5,-3.12,NUM,CD,nummod,-d.dd,0.0
-3.12%,%,1,1,1,%,NOUN,NN,ROOT,%,0.0
14.75%,14.75,1,1,5,14.75,NUM,CD,nummod,dd.dd,0.0
14.75%,%,1,1,1,%,NOUN,NN,ROOT,%,0.0
35.53%,35.53,1,1,5,35.53,NUM,CD,nummod,dd.dd,0.0
35.53%,%,1,1,1,%,NOUN,NN,ROOT,%,0.0
314.77%,314.77,1,1,6,314.77,NUM,CD,nummod,ddd.dd,0.0
314.77%,%,1,1,1,%,NOUN,NN,ROOT,%,0.0
170.78%,170.78,1,1,6,170.78,NUM,CD,nummod,ddd.dd,0.0
170.78%,%,1,1,1,%,NOUN,NN,ROOT,%,0.0
-19.70%,-19.70,1,1,6,-19.70,NUM,CD,ROOT,-dd.dd,0.0
-19.70%,%,1,1,1,%,NOUN,NN,intj,%,0.0
55.09%,55.09,1,1,5,55.09,NUM,CD,nummod,dd.dd,0.0
55.09%,%,1,1,1,%,NOUN,NN,ROOT,%,0.0
-1.87%,-1.87,1,1,5,-1.87,NUM,CD,nummod,-d.dd,0.0
-1.87%,%,1,1,1,%,NOUN,NN,ROOT,%,0.0
22.90%,22.90,1,1,5,22.90,NUM,CD,nummod,dd.dd,0.0
22.90%,%,1,1,1,%,NOUN,NN,ROOT,%,0.0
-25.94%,-25.94,1,1,6,-25.94,NOUN,NN,ROOT,-dd.dd,0.0
-25.94%,%,1,1,1,%,NOUN,NN,intj,%,0.0
54.63%,54.63,1,1,5,54.63,NUM,CD,nummod,dd.dd,0.0
54.63%,%,1,1,1,%,NOUN,NN,ROOT,%,0.0
-12.50%,-12.50,1,1,6,-12.50,PUNCT,NFP,ROOT,-dd.dd,0.0
-12.50%,%,1,1,1,%,NOUN,NN,intj,%,0.0
60.46%,60.46,1,1,5,60.46,NUM,CD,nummod,dd.dd,0.0
60.46%,%,1,1,1,%,NOUN,NN,ROOT,%,0.0
-10.66%,-10.66,1,1,6,-10.66,SYM,SYM,ROOT,-dd.dd,0.0
-10.66%,%,1,1,1,%,INTJ,UH,intj,%,0.0
43.70%,43.70,1,1,5,43.70,NUM,CD,nummod,dd.dd,0.0
43.70%,%,1,1,1,%,NOUN,NN,ROOT,%,0.0
171.14%,171.14,1,1,6,171.14,NUM,CD,nummod,ddd.dd,0.0
171.14%,%,1,1,1,%,NOUN,NN,ROOT,%,0.0
-11.77%,-11.77,1,1,6,-11.77,NUM,CD,ROOT,-dd.dd,0.0
-11.77%,%,1,1,1,%,NOUN,NN,intj,%,0.0
-37.31%,-37.31,1,1,6,-37.31,PUNCT,.,ROOT,-dd.dd,0.0
-37.31%,%,1,1,1,%,NOUN,NN,intj,%,0.0
3.52%,3.52,1,1,4,3.52,NUM,CD,nummod,d.dd,0.0
3.52%,%,1,1,1,%,NOUN,NN,ROOT,%,0.0
41.37%,41.37,1,1,5,41.37,NUM,CD,nummod,dd.dd,0.0
41.37%,%,1,1,1,%,NOUN,NN,ROOT,%,0.0
-43%,-43,1,1,3,-43,NOUN,NN,ROOT,-dd,0.0
-43%,%,1,1,1,%,NOUN,NN,intj,%,0.0
-27.82%,-27.82,1,1,6,-27.82,PUNCT,.,ROOT,-dd.dd,0.0
-27.82%,%,1,1,1,%,NOUN,NN,intj,%,0.0
-1.80%,-1.80,1,1,5,-1.80,NUM,CD,nummod,-d.dd,0.0
-1.80%,%,1,1,1,%,NOUN,NN,ROOT,%,0.0
-12.14%,-12.14,1,1,6,-12.14,NUM,CD,ROOT,-dd.dd,0.0
-12.14%,%,1,1,1,%,NOUN,NN,intj,%,0.0
85.22%,85.22,1,1,5,85.22,NUM,CD,nummod,dd.dd,0.0
85.22%,%,1,1,1,%,NOUN,NN,ROOT,%,0.0
170.34%,170.34,1,1,6,170.34,NUM,CD,nummod,ddd.dd,0.0
170.34%,%,1,1,1,%,NOUN,NN,ROOT,%,0.0
-5.55%,-5.55,1,1,5,-5.55,NUM,CD,nummod,-d.dd,0.0
-5.55%,%,1,1,1,%,NOUN,NN,ROOT,%,0.0
1.41%,1.41,1,1,4,1.41,NUM,CD,nummod,d.dd,0.0
1.41%,%,1,1,1,%,NOUN,NN,ROOT,%,0.0
-71.43%,-71.43,1,1,6,-71.43,VERB,VBP,ROOT,-dd.dd,0.0
-71.43%,%,1,1,1,%,INTJ,UH,intj,%,0.0
-54.26%,-54.26,1,1,6,-54.26,ADJ,JJ,ROOT,-dd.dd,0.0
-54.26%,%,1,1,1,%,INTJ,UH,intj,%,0.0
-89.22%,-89.22,1,1,6,-89.22,ADJ,JJ,ROOT,-dd.dd,0.0
-89.22%,%,1,1,1,%,INTJ,UH,intj,%,0.0
18.33%,18.33,1,1,5,18.33,NUM,CD,nummod,dd.dd,0.0
18.33%,%,1,1,1,%,NOUN,NN,ROOT,%,0.0
210.92%,210.92,1,1,6,210.92,NUM,CD,nummod,ddd.dd,0.0
210.92%,%,1,1,1,%,NOUN,NN,ROOT,%,0.0
156%,156,1,1,3,156,NUM,CD,nummod,ddd,0.0
156%,%,1,1,1,%,NOUN,NN,ROOT,%,0.0
-21.44%,-21.44,1,1,6,-21.44,PUNCT,.,ROOT,-dd.dd,0.0
-21.44%,%,1,1,1,%,NOUN,NN,intj,%,0.0
-27.85%,-27.85,1,1,6,-27.85,NUM,CD,ROOT,-dd.dd,0.0
-27.85%,%,1,1,1,%,NOUN,NN,intj,%,0.0
63.71%,63.71,1,1,5,63.71,NUM,CD,nummod,dd.dd,0.0
63.71%,%,1,1,1,%,NOUN,NN,ROOT,%,0.0
-48.78%,-48.78,1,1,6,-48.78,PUNCT,-LRB-,ROOT,-dd.dd,0.0
-48.78%,%,1,1,1,%,INTJ,UH,intj,%,0.0
-57.99%,-57.99,1,1,6,-57.99,VERB,VBP,ROOT,-dd.dd,0.0
-57.99%,%,1,1,1,%,INTJ,UH,intj,%,0.0
18.19%,18.19,1,1,5,18.19,NUM,CD,nummod,dd.dd,0.0
18.19%,%,1,1,1,%,NOUN,NN,ROOT,%,0.0
34.92%,34.92,1,1,5,34.92,NUM,CD,nummod,dd.dd,0.0
34.92%,%,1,1,1,%,NOUN,NN,ROOT,%,0.0
1.58%,1.58,1,1,4,1.58,NUM,CD,nummod,d.dd,0.0
1.58%,%,1,1,1,%,NOUN,NN,ROOT,%,0.0
86.01%,86.01,1,1,5,86.01,NUM,CD,nummod,dd.dd,0.0
86.01%,%,1,1,1,%,NOUN,NN,ROOT,%,0.0
24.83%,24.83,1,1,5,24.83,NUM,CD,nummod,dd.dd,0.0
24.83%,%,1,1,1,%,NOUN,NN,ROOT,%,0.0
25.19%,25.19,1,1,5,25.19,NUM,CD,nummod,dd.dd,0.0
25.19%,%,1,1,1,%,NOUN,NN,ROOT,%,0.0
-46.09%,-46.09,1,1,6,-46.09,NUM,CD,ROOT,-dd.dd,0.0
-46.09%,%,1,1,1,%,NOUN,NN,intj,%,0.0
4.77%,4.77,1,1,4,4.77,NUM,CD,nummod,d.dd,0.0
4.77%,%,1,1,1,%,NOUN,NN,ROOT,%,0.0
-26.03%,-26.03,1,1,6,-26.03,PUNCT,-LRB-,ROOT,-dd.dd,0.0
-26.03%,%,1,1,1,%,INTJ,UH,intj,%,0.0
-26.75%,-26.75,1,1,6,-26.75,PUNCT,:,ROOT,-dd.dd,0.0
-26.75%,%,1,1,1,%,INTJ,UH,intj,%,0.0
-55.10%,-55.10,1,1,6,-55.10,NUM,CD,ROOT,-dd.dd,0.0
-55.10%,%,1,1,1,%,INTJ,UH,intj,%,0.0
224.06%,224.06,1,1,6,224.06,NUM,CD,nummod,ddd.dd,0.0
224.06%,%,1,1,1,%,NOUN,NN,ROOT,%,0.0
